tool	CPAchecker 1.4-svn 16433M	CPAchecker 1.4-svn 16433M	CPAchecker 1.4-svn 16433M	CPAchecker 1.4-svn 16433M	CPAchecker 1.4-svn 16433M	CPAchecker 1.4-svn 16433M	CPAchecker 1.4-svn 16433M	CPAchecker 1.4-svn 16433M	CPAchecker 1.4-svn 16433M	CPAchecker 1.4-svn 16433M
run set	sv-comp15-symbolic.sv-comp15-symbolic	sv-comp15-symbolic.sv-comp15-symbolic	sv-comp15-symbolic.sv-comp15-symbolic	sv-comp15-symbolic.sv-comp15-symbolic	sv-comp15-symbolic.sv-comp15-symbolic	sv-comp15-symbolic-long.sv-comp15-symbolic-long	sv-comp15-symbolic-long.sv-comp15-symbolic-long	sv-comp15-symbolic-long.sv-comp15-symbolic-long	sv-comp15-symbolic-long.sv-comp15-symbolic-long	sv-comp15-symbolic-long.sv-comp15-symbolic-long
test/programs/benchmarks/	status	cputime	walltime	host	memUsage	status	cputime	walltime	host	memUsage
array-examples/sorting_bubblesort_false-unreach-call2_ground.i	TIMEOUT	998.005055139	534.632649899	node-08	7961505792	ERROR (1	1852.25461568	1013.59583807	node-21	10462646272
array-examples/standard_compareModified_true-unreach-call_ground.i	TIMEOUT	905.662886982	866.189026117	node-20	3577171968	ERROR (1	1811.3807999	1717.64773107	node-02	3868442624
bitvector/jain_4_true-unreach-call.i	TIMEOUT	901.062245814	894.968379974	node-14	3575128064	ERROR (1	1810.6510928	1802.11589313	node-15	3463643136
bitvector/jain_7_true-unreach-call.i	ERROR (1	910.642699332	901.874735117	node-10	3553116160	TIMEOUT	1800.79480748	1792.37411809	node-09	3650809856
bitvector/modulus_true-unreach-call.i	TIMEOUT	900.756856092	891.837040901	node-05	2276323328	true	1420.92768016	1412.31217194	node-05	1673019392
bitvector/parity_true-unreach-call.i	TIMEOUT	913.998708542	900.187437057	node-10	4101480448	ERROR (1	1810.90486269	1778.13666391	node-02	4908212224
bitvector/s3_clnt_1_false-unreach-call.BV.c.cil.c	ERROR (1	943.076155984	479.059506893	node-15	7606706176	TIMEOUT	1995.73360035	1008.19618297	node-19	9234759680
bitvector/s3_clnt_2_false-unreach-call.BV.c.cil.c	ERROR (1	934.840194935	474.252204895	node-13	6705745920	TIMEOUT	1995.84540173	1008.26671696	node-23	9241505792
bitvector/s3_clnt_2_true-unreach-call.BV.c.cil.c	ERROR (1	962.5122953	491.487879038	node-01	7617613824	TIMEOUT	1995.66826207	1010.0392859	node-23	9873518592
ntdrivers-simplified/kbfiltr_simpl1_true-unreach-call_true-termination.cil.c	ERROR (1	942.451962213	486.227121115	node-20	9506107392	TIMEOUT	1993.55118002	1013.54628611	node-01	9821650944
ssh-simplified/s3_clnt_4_false-unreach-call.cil.c	ERROR (1	943.82457782	479.881425142	node-22	7794708480	TIMEOUT	1989.87763445	1011.02907586	node-01	10065895424
ssh-simplified/s3_srvr_13_false-unreach-call.cil.c	ERROR (1	932.264757867	474.552872896	node-03	8362270720	TIMEOUT	1995.92599793	1008.32347202	node-18	9258737664
ssh-simplified/s3_clnt_2_true-unreach-call_true-termination.cil.c	ERROR (1	960.419511712	488.045824051	node-03	7772192768	TIMEOUT	1995.14291383	1010.93924212	node-07	10044006400
ssh-simplified/s3_srvr_1_true-unreach-call.cil.c	ERROR (1	929.754845328	472.12288785	node-06	6689288192	TIMEOUT	1995.73823963	1010.56665707	node-18	9896697856
ssh-simplified/s3_srvr_4_true-unreach-call.cil.c	ERROR (1	993.047396758	503.839347839	node-15	6836449280	TIMEOUT	1995.74054694	1010.34056616	node-07	9968128000
ssh-simplified/s3_srvr_6_true-unreach-call.cil.c	ERROR (1	962.289418512	489.000568867	node-20	7663783936	TIMEOUT	1995.54257434	1010.93624997	node-14	9916534784
locks/test_locks_14_false-unreach-call.c	TIMEOUT	901.277817635	888.055293083	node-18	3640709120	ERROR (1	1814.81071739	1539.60613298	node-02	8495845376
locks/test_locks_12_true-unreach-call_false-termination.c	KILLED BY SIGNAL 9	886.81539749	630.094861984	node-01	7239737344	TIMEOUT	1879.55597597	1125.87758303	node-21	9672069120
locks/test_locks_13_true-unreach-call.c	TIMEOUT	998.069422353	745.828352928	node-19	7131930624	ERROR (1	1912.00712692	1243.61909294	node-03	8725798912
locks/test_locks_8_true-unreach-call_false-termination.c	TIMEOUT	900.827688303	858.957343102	node-13	4096679936	ERROR (1	1811.41081099	1714.26292396	node-07	4985507840
ldv-linux-3.0/module_get_put-drivers-usb-core-usbcore.ko_false-unreach-call.cil.out.i.pp.i	TIMEOUT	998.072076699	566.670751095	node-22	9745768448	ERROR (1	1810.93987692	1008.97492099	node-17	10459066368
ldv-linux-3.0/usb_urb-drivers-usb-misc-iowarrior.ko_false-unreach-call.cil.out.i.pp.i	ERROR (1	914.531507993	487.172986984	node-22	8765378560	TIMEOUT	1995.85236498	1061.081918	node-20	10234191872
ldv-linux-3.0/usb_urb-drivers-media-video-msp3400.ko_true-unreach-call.cil.out.i.pp.i	ERROR (1	946.091509857	481.455246925	node-07	6663122944	TIMEOUT	1995.95858307	1012.38217807	node-25	10023092224
ldv-linux-3.0/usb_urb-drivers-usb-serial-ir-usb.ko_true-unreach-call.cil.out.i.pp.i	TIMEOUT	905.960992618	568.579442024	node-25	9947512832	ERROR (1	1813.7416902	1079.18716407	node-20	10851897344
ldv-linux-3.4-simple/32_7_cilled_false-unreach-call_const_ok_linux-32_1-drivers--input--mouse--synaptics_usb.ko-ldv_main0_sequence_infinite_withcheck_stateful.cil.out.c	TIMEOUT	997.904635507	508.756473064	node-03	8858042368	ERROR (1	1969.75746855	997.862701893	node-02	9609256960
ldv-linux-3.4-simple/43_1a_cilled_false-unreach-call_ok_linux-43_1a-drivers--net--wireless--orinoco--orinoco_usb.ko-ldv_main0_sequence_infinite_withcheck_stateful.cil.out.c	ERROR (1	944.572076725	496.391052008	node-18	6909509632	TIMEOUT	1995.89930524	1047.28245521	node-13	10732888064
ldv-linux-3.4-simple/32_1_cilled_true-unreach-call_ok_nondet_linux-3.4-32_1-drivers--block--paride--fit2.ko-ldv_main0_sequence_infinite_withcheck_stateful.cil.out.c	ERROR (1	930.523660723	474.476525068	node-02	8042962944	TIMEOUT	1995.26519044	1009.65664983	node-02	8942829568
ldv-linux-3.4-simple/32_1_cilled_true-unreach-call_ok_nondet_linux-3.4-32_1-drivers--block--paride--fit3.ko-ldv_main0_sequence_infinite_withcheck_stateful.cil.out.c	ERROR (1	917.933820907	496.050730944	node-16	8533200896	TIMEOUT	1996.00853409	1074.04230905	node-18	10618814464
ldv-linux-3.4-simple/32_1_cilled_true-unreach-call_ok_nondet_linux-3.4-32_1-drivers--block--paride--on26.ko-ldv_main0_sequence_infinite_withcheck_stateful.cil.out.c	TIMEOUT	998.023409249	508.398376942	node-21	8475709440	ERROR (1	1906.95541449	965.922717094	node-20	9288777728
ldv-linux-3.4-simple/32_1_cilled_true-unreach-call_ok_nondet_linux-3.4-32_1-drivers--hid--hid-gyration.ko-ldv_main0_sequence_infinite_withcheck_stateful.cil.out.c	ERROR (1	986.034949351	515.806698084	node-13	9268125696	TIMEOUT	1995.74674426	1020.30462694	node-10	10998034432
ldv-linux-3.4-simple/32_1_cilled_true-unreach-call_ok_nondet_linux-3.4-32_1-drivers--hid--hid-topseed.ko-ldv_main0_sequence_infinite_withcheck_stateful.cil.out.c	ERROR (1	961.432489727	488.471470118	node-20	6701854720	TIMEOUT	1995.38941059	1016.48004794	node-01	9927671808
ldv-linux-3.4-simple/32_1_cilled_true-unreach-call_ok_nondet_linux-3.4-32_1-drivers--hwmon--gpio-fan.ko-ldv_main0_sequence_infinite_withcheck_stateful.cil.out.c	ERROR (1	986.545800127	501.375139952	node-09	6774448128	TIMEOUT	1998.36275457	1009.07445383	node-06	9345568768
ldv-linux-3.4-simple/32_1_cilled_true-unreach-call_ok_nondet_linux-3.4-32_1-drivers--i2c--i2c-smbus.ko-ldv_main0_sequence_infinite_withcheck_stateful.cil.out.c	ERROR (1	950.076202094	495.731069088	node-11	8985583616	TIMEOUT	1995.85442586	1021.04698706	node-11	10223177728
ldv-linux-3.4-simple/32_1_cilled_true-unreach-call_ok_nondet_linux-3.4-32_1-drivers--input--joystick--spaceball.ko-ldv_main0_sequence_infinite_withcheck_stateful.cil.out.c	KILLED BY SIGNAL 9	734.719065722	512.288242102	node-01	9276162048	TIMEOUT	1995.8081455	1011.05692387	node-24	9981026304
ldv-linux-3.4-simple/32_1_cilled_true-unreach-call_ok_nondet_linux-3.4-32_1-drivers--input--misc--wm831x-on.ko-ldv_main0_sequence_infinite_withcheck_stateful.cil.out.c	ERROR (1	917.959387951	478.641726017	node-18	7382573056	TIMEOUT	1995.75945305	1022.36750698	node-19	10358595584
ldv-linux-3.4-simple/32_1_cilled_true-unreach-call_ok_nondet_linux-3.4-32_1-drivers--input--touchscreen--cyttsp_spi.ko-ldv_main0_sequence_infinite_withcheck_stateful.cil.out.c	ERROR (1	928.332017903	474.863003969	node-18	7447007232	TIMEOUT	1995.60843683	1012.76741314	node-03	9792262144
ldv-linux-3.4-simple/32_1_cilled_true-unreach-call_ok_nondet_linux-3.4-32_1-drivers--input--touchscreen--dynapro.ko-ldv_main0_sequence_infinite_withcheck_stateful.cil.out.c	TIMEOUT	997.775041407	529.34842515	node-02	10404610048	ERROR (1	1928.98263456	1002.72911	node-21	10402856960
ldv-linux-3.4-simple/32_1_cilled_true-unreach-call_ok_nondet_linux-3.4-32_1-drivers--input--touchscreen--egalax_ts.ko-ldv_main0_sequence_infinite_withcheck_stateful.cil.out.c	TIMEOUT	998.044614285	515.137870073	node-18	8229511168	ERROR (1	1831.88749382	948.127907038	node-06	10861395968
ldv-linux-3.4-simple/32_1_cilled_true-unreach-call_ok_nondet_linux-3.4-32_1-drivers--input--touchscreen--max11801_ts.ko-ldv_main0_sequence_infinite_withcheck_stateful.cil.out.c	ERROR (1	980.868099975	505.115530014	node-05	8220577792	TIMEOUT	1995.81816458	1016.8202219	node-16	10984071168
ldv-linux-3.4-simple/32_1_cilled_true-unreach-call_ok_nondet_linux-3.4-32_1-drivers--input--touchscreen--mtouch.ko-ldv_main0_sequence_infinite_withcheck_stateful.cil.out.c	ERROR (1	933.009594583	488.910384893	node-11	9173377024	TIMEOUT	1995.78355225	1026.57656288	node-14	10071343104
ldv-linux-3.4-simple/32_1_cilled_true-unreach-call_ok_nondet_linux-3.4-32_1-drivers--input--touchscreen--stmpe-ts.ko-ldv_main0_sequence_infinite_withcheck_stateful.cil.out.c	ERROR (1	952.790042517	501.45861721	node-13	9371099136	TIMEOUT	1995.72319189	1024.54815316	node-04	10223828992
ldv-linux-3.4-simple/32_1_cilled_true-unreach-call_ok_nondet_linux-3.4-32_1-drivers--isdn--hisax--teles_cs.ko-ldv_main0_sequence_infinite_withcheck_stateful.cil.out.c	ERROR (1	970.883229409	510.151926994	node-14	7400140800	TIMEOUT	1998.36328225	1053.27977204	node-06	9940492288
ldv-linux-3.4-simple/32_1_cilled_true-unreach-call_ok_nondet_linux-3.4-32_1-drivers--media--common--tuners--mt20xx.ko-ldv_main0_sequence_infinite_withcheck_stateful.cil.out.c	TIMEOUT	997.931037857	526.616089821	node-15	10224349184	ERROR (1	1934.2570642	1000.04839396	node-09	10072326144
ldv-linux-3.4-simple/32_1_cilled_true-unreach-call_ok_nondet_linux-3.4-32_1-drivers--media--common--tuners--mt2266.ko-ldv_main0_sequence_infinite_withcheck_stateful.cil.out.c	ERROR (1	924.707301288	469.613445997	node-20	6565871616	TIMEOUT	1995.94473029	1008.63024116	node-14	9136357376
ldv-linux-3.4-simple/32_1_cilled_true-unreach-call_ok_nondet_linux-3.4-32_1-drivers--media--common--tuners--tda8290.ko-ldv_main0_sequence_infinite_withcheck_stateful.cil.out.c	ERROR (1	990.383327801	504.151980162	node-11	7685939200	TIMEOUT	1995.84631655	1010.08150697	node-12	9937649664
ldv-linux-3.4-simple/32_1_cilled_true-unreach-call_ok_nondet_linux-3.4-32_1-drivers--media--dvb--dvb-usb--dvb-usb-pctv452e.ko-ldv_main0_sequence_infinite_withcheck_stateful.cil.out.c	ERROR (1	974.033239649	500.727267027	node-06	9313247232	TIMEOUT	1995.76187293	1015.27133703	node-11	11011858432
ldv-linux-3.4-simple/32_1_cilled_true-unreach-call_ok_nondet_linux-3.4-32_1-drivers--media--dvb--frontends--tda18271c2dd.ko-ldv_main0_sequence_infinite_withcheck_stateful.cil.out.c	ERROR (1	922.23558613	487.289561987	node-05	7752056832	TIMEOUT	1995.84444633	1038.6112051	node-04	10359173120
ldv-linux-3.4-simple/32_1_cilled_true-unreach-call_ok_nondet_linux-3.4-32_1-drivers--mfd--wm8400-core.ko-ldv_main0_sequence_infinite_withcheck_stateful.cil.out.c	TIMEOUT	997.942521301	512.695451975	node-19	8323407872	ERROR (1	1955.4364338	996.424465895	node-20	9105715200
ldv-linux-3.4-simple/32_1_cilled_true-unreach-call_ok_nondet_linux-3.4-32_1-drivers--misc--apds9802als.ko-ldv_main0_sequence_infinite_withcheck_stateful.cil.out.c	ERROR (1	925.750781963	491.159366846	node-13	7357833216	TIMEOUT	1961.72190038	1045.19580913	node-15	10021638144
ldv-linux-3.4-simple/32_1_cilled_true-unreach-call_ok_nondet_linux-3.4-32_1-drivers--misc--eeprom--eeprom_93xx46.ko-ldv_main0_sequence_infinite_withcheck_stateful.cil.out.c	ERROR (1	941.870722766	480.73505187	node-07	7794225152	TIMEOUT	1995.49333272	1012.54248214	node-17	10115313664
ldv-linux-3.4-simple/32_1_cilled_true-unreach-call_ok_nondet_linux-3.4-32_1-drivers--mtd--devices--phram.ko-ldv_main0_sequence_infinite_withcheck_stateful.cil.out.c	KILLED BY SIGNAL 9	814.60137526	517.354767084	node-01	9196281856	TIMEOUT	1995.30601622	1010.46180701	node-04	9736589312
ldv-linux-3.4-simple/32_1_cilled_true-unreach-call_ok_nondet_linux-3.4-32_1-drivers--mtd--nftl.ko-ldv_main0_sequence_infinite_withcheck_stateful.cil.out.c	TIMEOUT	997.989203542	530.325028896	node-10	9967980544	ERROR (1	1857.46002424	985.819803953	node-11	10633211904
ldv-linux-3.4-simple/32_1_cilled_true-unreach-call_ok_nondet_linux-3.4-32_1-drivers--mtd--tests--mtd_oobtest.ko-ldv_main0_sequence_infinite_withcheck_stateful.cil.out.c	ERROR (1	978.146108611	503.576679945	node-07	7277809664	TIMEOUT	1995.36671675	1020.63625097	node-02	8819961856
ldv-linux-3.4-simple/32_1_cilled_true-unreach-call_ok_nondet_linux-3.4-32_1-drivers--net--arcnet--rfc1051.ko-ldv_main0_sequence_infinite_withcheck_stateful.cil.out.c	ERROR (1	954.619302446	500.237679005	node-02	9518493696	TIMEOUT	1995.93460367	1021.11168289	node-11	10217820160
ldv-linux-3.4-simple/32_1_cilled_true-unreach-call_ok_nondet_linux-3.4-32_1-drivers--net--irda--old_belkin-sir.ko-ldv_main0_sequence_infinite_withcheck_stateful.cil.out.c	ERROR (1	976.58650381	504.718851089	node-21	8088604672	TIMEOUT	1995.7877446	1020.70231986	node-22	10982526976
ldv-linux-3.4-simple/32_1_cilled_true-unreach-call_ok_nondet_linux-3.4-32_1-drivers--net--team--team_mode_roundrobin.ko-ldv_main0_sequence_infinite_withcheck_stateful.cil.out.c	TIMEOUT	997.852658112	521.420937061	node-05	8351453184	ERROR (1	1961.09082845	1018.83041787	node-20	10588442624
ldv-linux-3.4-simple/32_1_cilled_true-unreach-call_ok_nondet_linux-3.4-32_1-drivers--net--tokenring--abyss.ko-ldv_main0_sequence_infinite_withcheck_stateful.cil.out.c	ERROR (1	990.582020948	505.788877964	node-19	6144552960	TIMEOUT	1995.84712954	1023.76490402	node-03	10158903296
ldv-linux-3.4-simple/32_1_cilled_true-unreach-call_ok_nondet_linux-3.4-32_1-drivers--net--wireless--mwifiex--mwifiex_pcie.ko-ldv_main0_sequence_infinite_withcheck_stateful.cil.out.c	ERROR (1	920.832684781	569.776673079	node-08	9423527936	TIMEOUT	1998.28061389	1110.5042119	node-06	9716002816
ldv-linux-3.4-simple/32_1_cilled_true-unreach-call_ok_nondet_linux-3.4-32_1-drivers--net--wireless--wl12xx--wl12xx_sdio.ko-ldv_main0_sequence_infinite_withcheck_stateful.cil.out.c	ERROR (1	924.14354139	471.219837904	node-05	7443173376	TIMEOUT	1995.53612683	1011.03494596	node-05	9844662272
ldv-linux-3.4-simple/32_1_cilled_true-unreach-call_ok_nondet_linux-3.4-32_1-drivers--parport--parport_cs.ko-ldv_main0_sequence_infinite_withcheck_stateful.cil.out.c	ERROR (1	957.731634449	506.397402048	node-23	7056543744	TIMEOUT	1996.03023766	1055.87581587	node-10	10391547904
ldv-linux-3.4-simple/32_1_cilled_true-unreach-call_ok_nondet_linux-3.4-32_1-drivers--power--wm831x_backup.ko-ldv_main0_sequence_infinite_withcheck_stateful.cil.out.c	ERROR (1	990.756205106	503.801625013	node-18	7300653056	TIMEOUT	1995.72595331	1011.26349902	node-15	9750495232
ldv-linux-3.4-simple/32_1_cilled_true-unreach-call_ok_nondet_linux-3.4-32_1-drivers--rtc--rtc-da9052.ko-ldv_main0_sequence_infinite_withcheck_stateful.cil.out.c	ERROR (1	935.522916684	495.126786947	node-21	8927096832	TIMEOUT	1963.81852661	1028.562186	node-01	10248581120
ldv-linux-3.4-simple/32_1_cilled_true-unreach-call_ok_nondet_linux-3.4-32_1-drivers--rtc--rtc-m41t93.ko-ldv_main0_sequence_infinite_withcheck_stateful.cil.out.c	ERROR (1	955.104363802	487.998734951	node-25	8399634432	TIMEOUT	1998.10344252	1012.09068203	node-06	9964830720
ldv-linux-3.4-simple/32_1_cilled_true-unreach-call_ok_nondet_linux-3.4-32_1-drivers--rtc--rtc-mc13xxx.ko-ldv_main0_sequence_infinite_withcheck_stateful.cil.out.c	ERROR (1	914.151058873	480.216815948	node-15	7340290048	TIMEOUT	1995.8201696	1024.26471996	node-04	10524053504
ldv-linux-3.4-simple/32_1_cilled_true-unreach-call_ok_nondet_linux-3.4-32_1-drivers--rtc--rtc-stk17ta8.ko-ldv_main0_sequence_infinite_withcheck_stateful.cil.out.c	ERROR (1	958.612943238	498.421288967	node-21	8389447680	TIMEOUT	1995.72837721	1020.70573711	node-13	11006603264
ldv-linux-3.4-simple/32_1_cilled_true-unreach-call_ok_nondet_linux-3.4-32_1-drivers--staging--comedi--drivers--adl_pci7296.ko-ldv_main0_sequence_infinite_withcheck_stateful.cil.out.c	ERROR (1	929.139554837	485.505890846	node-18	8147456000	TIMEOUT	1998.61594505	1019.8399992	node-06	10132365312
ldv-linux-3.4-simple/32_1_cilled_true-unreach-call_ok_nondet_linux-3.4-32_1-drivers--staging--comedi--drivers--adl_pci8164.ko-ldv_main0_sequence_infinite_withcheck_stateful.cil.out.c	ERROR (1	912.057370622	548.52238512	node-11	8116518912	TIMEOUT	1995.84503128	1106.67079306	node-15	9724010496
ldv-linux-3.4-simple/32_1_cilled_true-unreach-call_ok_nondet_linux-3.4-32_1-drivers--staging--iio--addac--adt7316-i2c.ko-ldv_main0_sequence_infinite_withcheck_stateful.cil.out.c	ERROR (1	971.195527095	501.276275158	node-09	9296035840	TIMEOUT	1995.74514076	1017.865098	node-25	10587090944
ldv-linux-3.4-simple/32_1_cilled_true-unreach-call_ok_nondet_linux-3.4-32_1-drivers--video--backlight--ltv350qv.ko-ldv_main0_sequence_infinite_withcheck_stateful.cil.out.c	ERROR (1	938.672023268	523.225827932	node-20	9161859072	TIMEOUT	1995.93296253	1178.73415899	node-08	10081406976
ldv-linux-3.4-simple/32_1_cilled_true-unreach-call_ok_nondet_linux-3.4-32_1-drivers--watchdog--wm831x_wdt.ko-ldv_main0_sequence_infinite_withcheck_stateful.cil.out.c	TIMEOUT	998.034637807	509.895961046	node-07	7858917376	ERROR (1	1940.78322977	984.272716999	node-16	9462165504
ldv-linux-3.4-simple/43_1a_cilled_true-unreach-call_ok_nondet_linux-43_1a-drivers--i2c--i2c-smbus.ko-ldv_main0_sequence_infinite_withcheck_stateful.cil.out.c	ERROR (1	979.610764191	527.002057076	node-23	9706016768	TIMEOUT	1995.76466343	1041.29583812	node-12	10503966720
ldv-linux-3.4-simple/43_1a_cilled_true-unreach-call_ok_nondet_linux-43_1a-drivers--input--keyboard--newtonkbd.ko-ldv_main0_sequence_infinite_withcheck_stateful.cil.out.c	TIMEOUT	997.837253782	518.437535048	node-05	9233530880	ERROR (1	1818.14636493	932.903530121	node-13	10344390656
ldv-linux-3.4-simple/43_1a_cilled_true-unreach-call_ok_nondet_linux-43_1a-drivers--input--touchscreen--egalax_ts.ko-ldv_main0_sequence_infinite_withcheck_stateful.cil.out.c	ERROR (1	924.162912702	480.882844925	node-24	7752400896	TIMEOUT	1995.84671452	1019.26054502	node-22	10290499584
ldv-linux-3.4-simple/43_1a_cilled_true-unreach-call_ok_nondet_linux-43_1a-drivers--input--touchscreen--inexio.ko-ldv_main0_sequence_infinite_withcheck_stateful.cil.out.c	ERROR (1	933.005511252	515.330376863	node-20	8890052608	TIMEOUT	1995.96740146	1078.21382904	node-07	10661699584
ldv-linux-3.4-simple/43_1a_cilled_true-unreach-call_ok_nondet_linux-43_1a-drivers--leds--ledtrig-default-on.ko-ldv_main0_sequence_infinite_withcheck_stateful.cil.out.c	KILLED BY SIGNAL 9	821.622518467	515.135598898	node-01	8563630080	TIMEOUT	1995.7613775	1018.10470891	node-07	10991972352
ldv-linux-3.4-simple/43_1a_cilled_true-unreach-call_ok_nondet_linux-43_1a-drivers--media--common--tuners--mt20xx.ko-ldv_main0_sequence_infinite_withcheck_stateful.cil.out.c	TIMEOUT	901.083131684	803.931987047	node-06	4427882496	ERROR (1	1811.34995961	1701.88520789	node-15	6254854144
ldv-linux-3.4-simple/43_1a_cilled_true-unreach-call_ok_nondet_linux-43_1a-drivers--media--dvb--frontends--dvb_dummy_fe.ko-ldv_main0_sequence_infinite_withcheck_stateful.cil.out.c	TIMEOUT	997.652376747	524.70146203	node-19	10042515456	ERROR (1	1908.73545812	985.548979044	node-20	10039468032
ldv-linux-3.4-simple/43_1a_cilled_true-unreach-call_ok_nondet_linux-43_1a-drivers--media--video--gspca--gspca_jl2005bcd.ko-ldv_main0_sequence_infinite_withcheck_stateful.cil.out.c	ERROR (1	949.628902112	506.357882977	node-14	7952879616	TIMEOUT	1995.77444566	1046.59339094	node-17	10692567040
ldv-linux-3.4-simple/43_1a_cilled_true-unreach-call_ok_nondet_linux-43_1a-drivers--media--video--gspca--gspca_pac207.ko-ldv_main0_sequence_infinite_withcheck_stateful.cil.out.c	ERROR (1	923.334582388	470.20800209	node-04	7479132160	TIMEOUT	1995.95045143	1011.03120089	node-12	9891897344
ldv-linux-3.4-simple/43_1a_cilled_true-unreach-call_ok_nondet_linux-43_1a-drivers--message--i2o--i2o_scsi.ko-ldv_main0_sequence_infinite_withcheck_stateful.cil.out.c	TIMEOUT	997.960152055	522.505764008	node-17	9971224576	ERROR (1	1885.54939988	988.193266869	node-15	10093355008
ldv-linux-3.4-simple/43_1a_cilled_true-unreach-call_ok_nondet_linux-43_1a-drivers--misc--apds9802als.ko-ldv_main0_sequence_infinite_withcheck_stateful.cil.out.c	ERROR (1	939.041531736	509.142132044	node-11	9128230912	TIMEOUT	1995.78832205	1044.07953906	node-22	10801598464
ldv-linux-3.4-simple/43_1a_cilled_true-unreach-call_ok_nondet_linux-43_1a-drivers--mtd--maps--sbc_gxx.ko-ldv_main0_sequence_infinite_withcheck_stateful.cil.out.c	ERROR (1	972.585914641	503.395531893	node-09	9221820416	TIMEOUT	1995.6383262	1020.26519108	node-21	10577731584
ldv-linux-3.4-simple/43_1a_cilled_true-unreach-call_ok_nondet_linux-43_1a-drivers--net--team--team_mode_roundrobin.ko-ldv_main0_sequence_infinite_withcheck_stateful.cil.out.c	ERROR (1	989.723454466	509.703075171	node-03	8976756736	TIMEOUT	1995.79966732	1018.45427203	node-16	10444062720
ldv-linux-3.4-simple/43_1a_cilled_true-unreach-call_ok_nondet_linux-43_1a-drivers--net--tokenring--abyss.ko-ldv_main0_sequence_infinite_withcheck_stateful.cil.out.c	TIMEOUT	997.946206062	514.748301983	node-23	10878214144	ERROR (1	1835.6314658	933.537194967	node-10	9567055872
ldv-linux-3.4-simple/43_1a_cilled_true-unreach-call_ok_nondet_linux-43_1a-drivers--regulator--gpio-regulator.ko-ldv_main0_sequence_infinite_withcheck_stateful.cil.out.c	KILLED BY SIGNAL 9	876.33740365	511.430956125	node-01	8926502912	TIMEOUT	1995.51628823	1010.63896298	node-07	9761128448
ldv-linux-3.4-simple/43_1a_cilled_true-unreach-call_ok_nondet_linux-43_1a-drivers--rtc--rtc-ds1553.ko-ldv_main0_sequence_infinite_withcheck_stateful.cil.out.c	ERROR (1	914.316170749	584.554752827	node-24	10353111040	TIMEOUT	1995.64757367	1183.15188789	node-25	10438791168
ldv-linux-3.4-simple/43_1a_cilled_true-unreach-call_ok_nondet_linux-43_1a-drivers--rtc--rtc-m41t94.ko-ldv_main0_sequence_infinite_withcheck_stateful.cil.out.c	ERROR (1	950.077486024	491.339354992	node-13	7657381888	TIMEOUT	1995.81006453	1016.06764197	node-12	10156584960
ldv-linux-3.4-simple/43_1a_cilled_true-unreach-call_ok_nondet_linux-43_1a-drivers--rtc--rtc-max6902.ko-ldv_main0_sequence_infinite_withcheck_stateful.cil.out.c	ERROR (1	992.357772135	508.724148989	node-07	9636200448	TIMEOUT	1995.84096468	1011.36280417	node-03	9781420032
ldv-linux-3.4-simple/43_1a_cilled_true-unreach-call_ok_nondet_linux-43_1a-drivers--rtc--rtc-mc13xxx.ko-ldv_main0_sequence_infinite_withcheck_stateful.cil.out.c	ERROR (1	984.857563793	522.047013044	node-07	9590669312	TIMEOUT	1995.8734848	1035.29887414	node-22	10576470016
ldv-linux-3.4-simple/43_1a_cilled_true-unreach-call_ok_nondet_linux-43_1a-drivers--rtc--rtc-pcf2123.ko-ldv_main0_sequence_infinite_withcheck_stateful.cil.out.c	ERROR (1	986.56408938	559.170372963	node-18	8116523008	TIMEOUT	1996.00399064	1069.00409913	node-14	10836439040
ldv-linux-3.4-simple/43_1a_cilled_true-unreach-call_ok_nondet_linux-43_1a-drivers--staging--comedi--drivers--adl_pci7230.ko-ldv_main0_sequence_infinite_withcheck_stateful.cil.out.c	ERROR (1	933.867111609	517.164047956	node-12	9366650880	TIMEOUT	1996.01867796	1051.49934912	node-18	10306015232
ldv-linux-3.4-simple/43_1a_cilled_true-unreach-call_ok_nondet_linux-43_1a-drivers--staging--vme--boards--vme_vmivme7805.ko-ldv_main0_sequence_infinite_withcheck_stateful.cil.out.c	ERROR (1	967.349893465	493.518418074	node-02	8383422464	TIMEOUT	1995.68478613	1011.62325811	node-20	10259255296
ldv-linux-3.4-simple/43_1a_cilled_true-unreach-call_ok_nondet_linux-43_1a-drivers--staging--zram--zram.ko-ldv_main0_sequence_infinite_withcheck_stateful.cil.out.c	TIMEOUT	997.884196777	516.445765018	node-08	7821746176	ERROR (1	1813.79904019	1147.70183492	node-18	8333033472
ldv-linux-3.4-simple/43_1a_cilled_true-unreach-call_ok_nondet_linux-43_1a-drivers--usb--otg--ab8500-usb.ko-ldv_main0_sequence_infinite_withcheck_stateful.cil.out.c	ERROR (1	967.161246653	491.52929306	node-23	6775799808	TIMEOUT	1995.6687304	1010.94698215	node-04	9865519104
ldv-linux-3.4-simple/43_1a_cilled_true-unreach-call_ok_nondet_linux-43_1a-drivers--usb--serial--empeg.ko-ldv_main0_sequence_infinite_withcheck_stateful.cil.out.c	ERROR (1	928.608079242	483.118103981	node-20	9687425024	TIMEOUT	1995.56324131	1020.23329186	node-17	9935945728
ldv-linux-3.4-simple/43_1a_cilled_true-unreach-call_ok_nondet_linux-43_1a-drivers--video--backlight--tdo24m.ko-ldv_main0_sequence_infinite_withcheck_stateful.cil.out.c	KILLED BY SIGNAL 9	884.047074337	513.818103075	node-01	8378343424	TIMEOUT	1995.95952312	1015.04032898	node-14	10265870336
ldv-linux-3.4-simple/43_1a_cilled_true-unreach-call_ok_nondet_linux-43_1a-drivers--video--vfb.ko-ldv_main0_sequence_infinite_withcheck_stateful.cil.out.c	TIMEOUT	997.881818237	524.425889015	node-02	8697073664	ERROR (1	1814.48502205	949.178822041	node-13	10140569600
ldv-linux-3.4-simple/43_1a_cilled_true-unreach-call_ok_nondet_linux-43_1a-drivers--w1--slaves--w1_ds2780.ko-ldv_main0_sequence_infinite_withcheck_stateful.cil.out.c	ERROR (1	955.937029165	501.0449121	node-03	9800568832	TIMEOUT	1995.91991334	1021.71402907	node-21	10652987392
ldv-linux-3.4-simple/43_1a_cilled_true-unreach-call_ok_nondet_linux-43_1a-drivers--watchdog--ibmasr.ko-ldv_main0_sequence_infinite_withcheck_stateful.cil.out.c	TIMEOUT	909.155185315	892.275346994	node-14	3582410752	ERROR (1	1810.63554818	1784.36871004	node-03	3618291712
ldv-linux-3.4-simple/43_1a_cilled_true-unreach-call_ok_nondet_linux-43_1a-drivers--watchdog--wafer5823wdt.ko-ldv_main0_sequence_infinite_withcheck_stateful.cil.out.c	ERROR (1	962.207779837	490.129987001	node-17	7971250176	TIMEOUT	1995.68977	1010.67421818	node-24	9889406976
ldv-linux-3.7.3/main0_false-unreach-call_drivers-net-wireless-mwl8k-ko---32_7a--linux-3.7.3.c	ERROR (1	933.910622193	476.448710918	node-24	7395254272	TIMEOUT	1995.60469999	1015.23119783	node-02	10989686784
ldv-linux-3.7.3/main11_false-unreach-call_drivers-usb-core-usbcore-ko--32_7a--linux-3.7.3.c	TIMEOUT	997.975167634	537.335921049	node-13	10021953536	ERROR (1	1815.50790004	962.387223959	node-03	10149965824
ldv-linux-3.7.3/main15_false-unreach-call_drivers-usb-core-usbcore-ko--32_7a--linux-3.7.3.c	ERROR (1	994.105387043	514.886407137	node-02	8907026432	TIMEOUT	1995.61838562	1016.85218191	node-05	10150866944
ldv-linux-3.7.3/main3_false-unreach-call_drivers-gpu-drm-vmwgfx-vmwgfx-ko--32_7a--linux-3.5.c	ERROR (1	931.078204767	513.79231286	node-11	8065671168	TIMEOUT	1995.14740596	1053.09292293	node-11	10448056320
ldv-linux-3.7.3/linux-3.10-rc1-43_1a-bitvector-drivers--atm--he.ko-ldv_main0_true-unreach-call.cil.out.c	TIMEOUT	997.899344718	517.482074022	node-05	8838004736	ERROR (1	1820.41707397	957.642117977	node-01	9692925952
ldv-commit-tester/m0_false-unreach-call_drivers-media-rc-imon--32_7a--a9e7fb5-1.c	TIMEOUT	997.730008023	519.071026087	node-10	8565616640	ERROR (1	1864.27689342	980.969069004	node-17	9978593280
ldv-commit-tester/m0_false-unreach-call_drivers-staging-comedi-drivers-ni_65xx-ko--107_1a--adbbc36-1.c	TIMEOUT	997.936597426	564.292636871	node-14	9392893952	ERROR (1	1992.34186261	1132.17411089	node-19	10358673408
ldv-commit-tester/m0_false-unreach-call_drivers-staging-comedi-drivers-ni_pcidio-ko--107_1a--adbbc36-1.c	ERROR (1	954.238013471	498.986297846	node-09	8698310656	TIMEOUT	1995.87552111	1025.07045794	node-10	9989173248
ldv-commit-tester/main0_false-unreach-call_drivers-media-video-tlg2300-poseidon-ko--32_7a--4a349aa-1.c	ERROR (1	978.846242529	498.019131899	node-03	7787413504	TIMEOUT	1995.83900915	1013.05359292	node-22	10162442240
ldv-commit-tester/m0_true-unreach-call_drivers-net-forcedeth-ko--114_1a--fea891e-1.c	ERROR (1	945.975827298	481.501705885	node-25	6465347584	TIMEOUT	1996.04049773	1011.11948681	node-12	9912872960
ldv-commit-tester/main3_true-unreach-call_arch-x86-oprofile-oprofile-ko--131_1a--79db8ef-1.c	ERROR (1	945.857887361	486.667094946	node-25	8184442880	TIMEOUT	1995.83862182	1018.48710108	node-08	10829881344
ldv-commit-tester/main7_true-unreach-call_sound-oss-sound-ko--32_7a--c4cb1dd-1.c	ERROR (1	969.499999718	498.302222013	node-07	8135168000	TIMEOUT	1995.59882979	1013.78568697	node-04	9868820480
ldv-consumption/32_7a_cilled_false-unreach-call_linux-3.8-rc1-32_7a-drivers--gpu--drm--vmwgfx--vmwgfx.ko-ldv_main2_sequence_infinite_withcheck_stateful.cil.out.c	ERROR (1	952.722177314	495.978854895	node-02	7835832320	TIMEOUT	1995.51035762	1022.77980399	node-04	10584924160
ldv-consumption/32_7a_cilled_false-unreach-call_linux-3.8-rc1-32_7a-drivers--net--wireless--zd1211rw--zd1211rw.ko-ldv_main7_sequence_infinite_withcheck_stateful.cil.out.c	TIMEOUT	998.180713987	544.752763033	node-18	9022898176	ERROR (1	1981.23422326	1040.29526997	node-07	9748058112
ldv-consumption/32_7a_cilled_false-unreach-call_linux-3.8-rc1-drivers--media--usb--cpia2--cpia2.ko-main.cil.out.c	ERROR (1	925.537537554	483.274646997	node-15	9063333888	TIMEOUT	1995.77889335	1023.24452996	node-24	10983776256
ldv-consumption/linux-3.8-rc1-32_7a-drivers--usb--serial--usbserial.ko-ldv_main0_false-unreach-call.cil.out.c	TIMEOUT	997.906710555	509.428917885	node-22	7353581568	ERROR (1	1908.95651979	976.994590998	node-03	10976870400
ldv-consumption/32_7a_cilled_true-unreach-call_linux-3.8-rc1-32_7a-drivers--block--paride--pg.ko-ldv_main0_sequence_infinite_withcheck_stateful.cil.out.c	ERROR (1	975.48279203	503.785624027	node-24	9222385664	TIMEOUT	1995.72301913	1026.74829698	node-20	10567884800
ldv-consumption/32_7a_cilled_true-unreach-call_linux-3.8-rc1-32_7a-drivers--net--ethernet--sfc--sfc.ko-ldv_main3_sequence_infinite_withcheck_stateful.cil.out.c	TIMEOUT	997.96146796	553.272741079	node-17	9890422784	ERROR (1	1945.43809218	1043.65549588	node-17	10139746304
ldv-consumption/32_7a_cilled_true-unreach-call_linux-3.8-rc1-32_7a-drivers--net--ethernet--tehuti--tehuti.ko-ldv_main0_sequence_infinite_withcheck_stateful.cil.out.c	ERROR (1	926.520683341	478.210735083	node-09	9445076992	TIMEOUT	1941.47605777	1018.62333798	node-01	10961510400
ldv-consumption/32_7a_cilled_true-unreach-call_linux-3.8-rc1-32_7a-drivers--scsi--be2iscsi--be2iscsi.ko-ldv_main1_sequence_infinite_withcheck_stateful.cil.out.c	ERROR (1	979.213232058	504.531759977	node-02	8205627392	TIMEOUT	1998.69522419	1017.76162791	node-06	10307665920
ldv-consumption/32_7a_cilled_true-unreach-call_linux-3.8-rc1-32_7a-drivers--video--smscufx.ko-ldv_main0_sequence_infinite_withcheck_stateful.cil.out.c	KILLED BY SIGNAL 9	852.417798066	510.087803841	node-01	6654808064	TIMEOUT	1995.67992984	1011.4811511	node-10	10918961152
ldv-consumption/32_7a_cilled_true-unreach-call_linux-3.8-rc1-drivers--hwmon--asb100.ko-main.cil.out.c	TIMEOUT	999.263206208	509.150572062	node-06	8957919232	ERROR (1	1933.78503822	979.14693594	node-04	9647816704
ldv-consumption/32_7a_cilled_true-unreach-call_linux-3.8-rc1-drivers--media--pci--cx18--cx18.ko-main.cil.out.c	TIMEOUT	997.83185914	834.625379086	node-21	5212512256	ERROR (1	1959.71021346	1501.32768512	node-12	7248707584
ldv-consumption/32_7a_cilled_true-unreach-call_linux-3.8-rc1-drivers--media--usb--tm6000--tm6000.ko-main.cil.out.c	ERROR (1	914.27970471	620.031012058	node-09	6911111168	TIMEOUT	1978.08177129	1170.09889793	node-15	8135143424
ldv-consumption/32_7a_cilled_true-unreach-call_linux-3.8-rc1-drivers--net--ethernet--chelsio--cxgb4--cxgb4.ko-main.cil.out.c	ERROR (1	971.37229714	496.804687023	node-21	8529862656	TIMEOUT	1995.97741395	1013.46940804	node-10	9938796544
ldv-consumption/32_7a_cilled_true-unreach-call_linux-3.8-rc1-drivers--usb--host--ohci-hcd.ko-main.cil.out.c	ERROR (1	915.724777953	567.366122961	node-18	8826830848	TIMEOUT	1996.03249802	1127.21647191	node-21	10341281792
ldv-consumption/linux-3.8-rc1-32_7a-drivers--hwmon--w83793.ko-ldv_main0_true-unreach-call.cil.out.c	ERROR (1	922.8093769	502.210571051	node-03	8756731904	TIMEOUT	1995.22281258	1046.1017499	node-15	10948624384
ldv-consumption/linux-3.8-rc1-32_7a-drivers--media--usb--sn9c102--sn9c102.ko-ldv_main0_true-unreach-call.cil.out.c	ERROR (1	939.125254569	495.226323843	node-11	9993916416	TIMEOUT	1995.9215358	1030.8296299	node-08	10137329664
ldv-consumption/linux-3.8-rc1-32_7a-drivers--net--ethernet--emulex--benet--be2net.ko-ldv_main2_true-unreach-call.cil.out.c	ERROR (1	956.102219291	513.299913883	node-11	10279120896	TIMEOUT	1995.34647198	1039.90654516	node-01	9983229952
ldv-consumption/linux-3.8-rc1-32_7a-drivers--net--ethernet--qlogic--qlge--qlge.ko-ldv_main0_true-unreach-call.cil.out.c	ERROR (1	960.452090823	494.590483904	node-02	9103589376	TIMEOUT	1995.95223784	1015.29772902	node-14	10281181184
ldv-linux-3.12-rc1/linux-3.12-rc1.tar.xz-08_1a-fs--nfs--nfs.ko-entry_point_false-unreach-call.cil.out.c	TIMEOUT	998.195543588	530.334783077	node-12	10185371648	ERROR (1	1944.6876491	1024.78347588	node-03	10582712320
ldv-linux-3.12-rc1/linux-3.12-rc1.tar.xz-144_2a-drivers--isdn--gigaset--usb_gigaset.ko-entry_point_false-unreach-call.cil.out.c	ERROR (1	928.971161293	486.479450941	node-02	9601671168	TIMEOUT	1995.78830215	1021.43834305	node-17	9687654400
ldv-linux-3.12-rc1/linux-3.12-rc1.tar.xz-144_2a-drivers--media--usb--ttusb-dec--ttusb_dec.ko-entry_point_false-unreach-call.cil.out.c	ERROR (1	993.870314162	525.545644045	node-15	9319735296	TIMEOUT	1995.73919955	1027.0766151	node-21	10258624512
ldv-linux-3.12-rc1/linux-3.12-rc1.tar.xz-144_2a-drivers--net--can--usb--ems_usb.ko-entry_point_false-unreach-call.cil.out.c	TIMEOUT	997.9307409	530.551907063	node-04	10005684224	ERROR (1	1937.11677517	1006.17924905	node-05	10007851008
ldv-linux-3.12-rc1/linux-3.12-rc1.tar.xz-144_2a-drivers--usb--misc--idmouse.ko-entry_point_false-unreach-call.cil.out.c	TIMEOUT	912.030881811	518.062299967	node-18	8203337728	ERROR (1	1814.39058399	1103.06979203	node-05	9999364096
ldv-linux-3.12-rc1/linux-3.12-rc1.tar.xz-144_2a-drivers--net--wireless--ti--wlcore--wlcore_spi.ko-entry_point_true-unreach-call.cil.out.c	ERROR (1	986.140037844	515.411708832	node-17	8915234816	TIMEOUT	1998.58143986	1024.33714104	node-06	10570960896
ldv-linux-3.16-rc1/205_9a_array_unsafes_linux-3.16-rc1.tar.xz-205_9a-drivers--net--can--usb--peak_usb--peak_usb.ko-entry_point_false-unreach-call.cil.out.c	ERROR (1	916.63908789	609.791745901	node-12	10105868288	TIMEOUT	1995.48106337	1260.88106799	node-24	10361245696
ldv-linux-3.16-rc1/205_9a_array_unsafes_linux-3.16-rc1.tar.xz-205_9a-drivers--net--ethernet--micrel--ks8842.ko-entry_point_false-unreach-call.cil.out.c	ERROR (1	937.981740164	546.985357046	node-09	9535811584	TIMEOUT	1801.17929239	1479.739326	node-12	8561315840
ldv-linux-3.16-rc1/205_9a_array_unsafes_linux-3.16-rc1.tar.xz-205_9a-drivers--net--phy--dp83640.ko-entry_point_false-unreach-call.cil.out.c	TIMEOUT	997.889196041	543.793049097	node-09	9545580544	ERROR (1	1830.77367263	969.460238934	node-07	10435387392
ldv-linux-3.16-rc1/205_9a_array_unsafes_linux-3.16-rc1.tar.xz-205_9a-drivers--net--ppp--ppp_async.ko-entry_point_false-unreach-call.cil.out.c	ERROR (1	990.272287611	622.778312922	node-14	7991844864	TIMEOUT	1995.9750426	1146.82642102	node-03	11046924288
ldv-linux-3.16-rc1/205_9a_array_unsafes_linux-3.16-rc1.tar.xz-205_9a-drivers--net--ppp--ppp_synctty.ko-entry_point_false-unreach-call.cil.out.c	ERROR (1	991.61786383	644.658941031	node-22	7275868160	TIMEOUT	1995.71574712	1143.11598086	node-07	10505527296
ldv-linux-3.16-rc1/205_9a_array_unsafes_linux-3.16-rc1.tar.xz-205_9a-drivers--net--wireless--libertas_tf--libertas_tf.ko-entry_point_false-unreach-call.cil.out.c	ERROR (1	953.776554497	498.602172852	node-18	9353306112	TIMEOUT	1995.98831141	1020.91668892	node-17	10990559232
ldv-linux-3.16-rc1/205_9a_array_unsafes_linux-3.16-rc1.tar.xz-205_9a-drivers--net--wireless--mwifiex--mwifiex_pcie.ko-entry_point_false-unreach-call.cil.out.c	ERROR (1	978.205697651	506.055325985	node-15	9386180608	TIMEOUT	1995.81524227	1016.95334697	node-03	10091360256
ldv-linux-3.16-rc1/205_9a_array_unsafes_linux-3.16-rc1.tar.xz-205_9a-drivers--net--wireless--rtl818x--rtl8180--rtl818x_pci.ko-entry_point_false-unreach-call.cil.out.c	ERROR (1	965.617216847	512.400269985	node-11	8798371840	TIMEOUT	1998.46872003	1031.90314293	node-06	11013308416
ldv-linux-3.16-rc1/43_2a_bitvector_linux-3.16-rc1.tar.xz-43_2a-drivers--usb--host--max3421-hcd.ko-entry_point_false-unreach-call.cil.out.c	TIMEOUT	954.798360134	525.442161083	node-01	8200425472	ERROR (1	1862.50305979	1026.40939903	node-13	10231083008
ldv-linux-3.16-rc1/205_9a_array_safes_linux-3.16-rc1.tar.xz-205_9a-drivers--net--ethernet--cadence--at91_ether.ko-entry_point_true-unreach-call.cil.out.c	TIMEOUT	997.975329819	514.355761051	node-08	8515981312	ERROR (1	1875.60869284	957.865725994	node-10	9281089536
ldv-linux-3.16-rc1/205_9a_array_safes_linux-3.16-rc1.tar.xz-205_9a-drivers--net--usb--r8152.ko-entry_point_true-unreach-call.cil.out.c	TIMEOUT	997.983503548	523.75221014	node-09	7827034112	ERROR (1	1919.15952804	988.200340986	node-14	9407754240
ldv-linux-3.16-rc1/43_2a_consumption_linux-3.16-rc1.tar.xz-43_2a-drivers--acpi--processor.ko-entry_point_true-unreach-call.cil.out.c	ERROR (1	922.398202817	503.480757952	node-08	8877903872	TIMEOUT	1995.65418236	1075.55641508	node-13	10143387648
ldv-linux-3.16-rc1/43_2a_consumption_linux-3.16-rc1.tar.xz-43_2a-drivers--gpu--drm--via--via.ko-entry_point_true-unreach-call.cil.out.c	KILLED BY SIGNAL 9	882.035691463	511.334791183	node-01	8657309696	TIMEOUT	1995.65709316	1015.62326789	node-16	10330087424
ldv-linux-3.16-rc1/43_2a_consumption_linux-3.16-rc1.tar.xz-43_2a-drivers--staging--rtl8723au--r8723au.ko-entry_point_true-unreach-call.cil.out.c	ERROR (1	914.339295914	572.758491039	node-25	8112537600	TIMEOUT	1801.82254881	1519.79762197	node-16	8135417856
ldv-linux-3.16-rc1/43_2a_consumption_linux-3.16-rc1.tar.xz-43_2a-drivers--tty--isicom.ko-entry_point_true-unreach-call.cil.out.c	TIMEOUT	997.913238336	511.202770948	node-12	9132208128	ERROR (1	1877.86823004	957.204500914	node-10	10047770624
ldv-linux-3.16-rc1/43_2a_consumption_linux-3.16-rc1.tar.xz-43_2a-drivers--usb--host--xhci-hcd.ko-entry_point_true-unreach-call.cil.out.c	TIMEOUT	997.893966754	513.415035009	node-09	9699086336	ERROR (1	1930.97810818	987.349750996	node-03	9744580608
ldv-linux-3.16-rc1/43_2a_consumption_linux-3.16-rc1.tar.xz-43_2a-sound--drivers--snd-aloop.ko-entry_point_true-unreach-call.cil.out.c	TIMEOUT	997.764798683	510.401293039	node-25	8759341056	ERROR (1	1853.14877808	941.627025127	node-07	9459761152
ldv-linux-3.16-rc1/43_2a_consumption_linux-3.16-rc1.tar.xz-43_2a-sound--drivers--snd-dummy.ko-entry_point_true-unreach-call.cil.out.c	ERROR (1	996.093202392	518.979271173	node-24	9683791872	TIMEOUT	1995.83700243	1018.13281107	node-18	9831919616
ldv-linux-3.16-rc1/43_2a_consumption_linux-3.16-rc1.tar.xz-43_2a-sound--drivers--snd-serial-u16550.ko-entry_point_true-unreach-call.cil.out.c	ERROR (1	917.356185144	502.552452087	node-19	8999129088	TIMEOUT	1995.76052905	1089.79563308	node-19	10340777984
ldv-validator-v0.6/linux-stable-a9e7fb5-1-32_7a-drivers--media--rc--imon.ko-entry_point_false-unreach-call.cil.out.c	ERROR (1	951.92372317	568.75109005	node-11	8138559488	TIMEOUT	1996.12429978	1087.47768998	node-08	10984972288
ldv-validator-v0.6/linux-stable-c0cc359-1-104_1a-drivers--usb--serial--qcserial.ko-entry_point_false-unreach-call.cil.out.c	ERROR (1	912.776471215	651.412284136	node-20	6833197056	TIMEOUT	1995.88029581	1237.94449592	node-05	9645973504
floats-cdfpl/newton_2_6_false-unreach-call.i	TIMEOUT	901.101237985	899.028981924	node-18	585068544	false(reach)	1044.40143889	1040.22676992	node-06	592637952
floats-cdfpl/newton_1_2_true-unreach-call.i	TIMEOUT	900.923429128	899.123755932	node-22	461070336	true	1705.9734711	1703.08406496	node-22	481525760
floats-cdfpl/sine_7_true-unreach-call.i	TIMEOUT	900.722839718	899.243626833	node-05	414973952	true	473.435790635	472.192929983	node-13	331366400
floats-cdfpl/square_4_true-unreach-call.i	TIMEOUT	900.807401191	899.337928057	node-20	418795520	true	655.497814147	654.237179995	node-13	376582144
floats-cdfpl/square_5_true-unreach-call.i	TIMEOUT	901.123371027	897.683802128	node-06	433057792	true	1350.95657776	1348.80311394	node-23	438190080
float-benchs/sin_interpolated_bigrange_tight_true-unreach-call.c	TIMEOUT	900.862869811	899.209979057	node-17	408215552	false(reach)	1199.49842943	1197.06581998	node-02	410570752
loops/verisec_sendmail__tTflag_arr_one_loop_false-unreach-call.i	TIMEOUT	997.964620127	530.923581839	node-11	8901799936	ERROR (1	1813.68004626	1013.78450489	node-10	10351435776
loops/eureka_05_true-unreach-call.i	TIMEOUT	902.853717915	873.198801994	node-02	3590709248	ERROR (1	1811.21798549	1733.56457114	node-14	3609219072
loops/terminator_03_true-unreach-call_true-termination.i	TIMEOUT	900.640436387	892.629036903	node-11	3547414528	ERROR (1	1810.57388667	1802.56290507	node-07	3546173440
loops/trex02_true-unreach-call_true-termination.i	ERROR (1	911.004134113	905.0458951	node-19	3549396992	TIMEOUT	1800.87884385	1785.60156417	node-07	3551830016
loops/trex04_true-unreach-call_false-termination.i	TIMEOUT	902.400487088	895.966897011	node-11	3550384128	ERROR (1	1810.58965985	1795.86769009	node-11	3550691328
loop-acceleration/array_false-unreach-call2.i	TIMEOUT	901.55822566	899.003015995	node-09	603660288	false(reach)	995.622351044	991.953402996	node-13	639152128
loop-acceleration/array_true-unreach-call2.i	TIMEOUT	901.004226232	898.112465858	node-12	603963392	false(reach)	948.508226277	944.053092003	node-15	636690432
loop-acceleration/multivar_true-unreach-call1.i	TIMEOUT	901.645965975	892.399348974	node-05	3546271744	ERROR (1	1810.62838446	1797.77135706	node-25	3543343104
product-lines/email_spec3_product17_false-unreach-call.cil.c	KILLED BY SIGNAL 9	861.203551062	523.578404188	node-01	7859916800	TIMEOUT	1995.72032875	1012.35113883	node-15	10038923264
product-lines/email_spec9_product21_false-unreach-call.cil.c	KILLED BY SIGNAL 9	882.07067264	513.900212049	node-01	7097311232	TIMEOUT	1995.5611277	1013.42216086	node-20	10971799552
systemc/token_ring.04_false-unreach-call_false-termination.cil.c	ERROR (1	925.396661604	475.194207907	node-08	9572896768	TIMEOUT	1995.47996206	1012.43841004	node-03	10167296000
systemc/token_ring.09_false-unreach-call_false-termination.cil.c	ERROR (1	941.780680669	497.89625597	node-16	9562423296	TIMEOUT	1994.31365188	1028.72270298	node-09	10905686016
systemc/token_ring.12_false-unreach-call_false-termination.cil.c	TIMEOUT	902.464033983	891.820366144	node-23	2391691264	ERROR (1	1874.79140526	1499.47816992	node-14	8435216384
systemc/token_ring.06_true-unreach-call_false-termination.cil.c	ERROR (1	954.979108639	490.94136405	node-23	9236393984	TIMEOUT	1995.96887257	1013.24798799	node-09	10501369856
systemc/token_ring.12_true-unreach-call_false-termination.cil.c	TIMEOUT	901.633934722	891.015744925	node-16	3571494912	ERROR (1	1888.69489727	1583.39489794	node-09	8442785792
seq-mthreaded/pals_STARTPALS_ActiveStandby_false-unreach-call.4_1.ufo.BOUNDED-10.pals.c	TIMEOUT	911.396773454	524.325799942	node-01	8262021120	ERROR (1	1842.41835241	954.500341892	node-02	10155540480
seq-mthreaded/pals_STARTPALS_ActiveStandby_false-unreach-call.4_2.ufo.UNBOUNDED.pals.c	ERROR (1	927.229455416	489.120754004	node-19	8274825216	TIMEOUT	1995.89779454	1058.412112	node-21	10363445248
seq-mthreaded/pals_floodmax.3_false-unreach-call.4.ufo.UNBOUNDED.pals.c	ERROR (1	934.36001649	475.282794952	node-10	7599378432	TIMEOUT	1995.81350726	1009.40345693	node-10	9765314560
seq-mthreaded/pals_lcr-var-start-time.3_false-unreach-call.1.ufo.BOUNDED-6.pals.c	ERROR (1	965.130691608	508.134966135	node-20	8629198848	TIMEOUT	1995.60555449	1027.84039021	node-16	10121924608
seq-mthreaded/pals_lcr-var-start-time.4_false-unreach-call.2.ufo.UNBOUNDED.pals.c	TIMEOUT	997.833828066	573.495681047	node-23	9565458432	ERROR (1	1818.08466415	1054.1793499	node-01	8842661888
seq-mthreaded/pals_lcr.3_false-unreach-call.1.ufo.UNBOUNDED.pals.c	ERROR (1	921.722296361	491.443358183	node-06	8589103104	TIMEOUT	1995.50458436	1067.66813684	node-25	9709785088
seq-mthreaded/pals_lcr.5_false-unreach-call.1.ufo.UNBOUNDED.pals.c	TIMEOUT	997.887123553	581.325070858	node-11	9538985984	ERROR (1	1820.72357575	997.097946882	node-19	10303778816
seq-mthreaded/pals_opt-floodmax.3_false-unreach-call.2.ufo.UNBOUNDED.pals.c	ERROR (1	996.744315794	510.978399038	node-11	9746329600	TIMEOUT	1994.58528317	1014.57751894	node-19	10967265280
seq-mthreaded/pals_opt-floodmax.5_false-unreach-call.4.ufo.UNBOUNDED.pals.c	ERROR (1	928.136838001	472.636602879	node-20	8071475200	TIMEOUT	1995.79464149	1008.40579295	node-23	9022504960
seq-mthreaded/rekcba_aso_false-unreach-call.4.M1.c	TIMEOUT	911.446538681	517.604890108	node-20	8455401472	ERROR (1	1819.42569467	1034.66436315	node-15	10546434048
seq-mthreaded/rekcba_nxt_false-unreach-call.1.M1.c	TIMEOUT	998.098814473	565.882882833	node-15	9435009024	ERROR (1	1860.8722412	1046.56129599	node-08	10403827712
seq-mthreaded/rekcba_nxt_false-unreach-call.2.M1.c	TIMEOUT	998.092594371	562.85544014	node-11	8969056256	ERROR (1	1867.14136388	1024.02894306	node-14	10075164672
seq-mthreaded/rekh_aso_false-unreach-call.1.M4.c	TIMEOUT	998.005758685	513.764793873	node-25	10512531456	ERROR (1	1860.41292704	1013.62779093	node-01	9098092544
seq-mthreaded/pals_floodmax.3_true-unreach-call.ufo.UNBOUNDED.pals.c	ERROR (1	988.218467141	502.463351011	node-23	7642038272	TIMEOUT	1995.48157168	1010.92624807	node-09	9870737408
seq-mthreaded/pals_lcr-var-start-time.6_true-unreach-call.ufo.BOUNDED-12.pals.c	ERROR (1	958.072611789	488.866230965	node-20	7851069440	TIMEOUT	1995.73219611	1011.62759209	node-24	9724166144
seq-mthreaded/pals_lcr.4_true-unreach-call.ufo.BOUNDED-8.pals.c	ERROR (1	938.481533015	500.636518002	node-05	9131229184	TIMEOUT	1995.60871142	1033.27116299	node-18	10164965376
seq-mthreaded/pals_lcr.4_true-unreach-call.ufo.UNBOUNDED.pals.c	ERROR (1	932.914511245	498.627877951	node-19	8659259392	TIMEOUT	1995.80316366	1032.62679482	node-23	10193973248
seq-mthreaded/pals_lcr.5_true-unreach-call.ufo.BOUNDED-10.pals.c	TIMEOUT	997.697305583	526.110925913	node-02	8267276288	ERROR (1	1851.31578982	970.824903965	node-18	10086883328
seq-mthreaded/pals_lcr.5_true-unreach-call.ufo.UNBOUNDED.pals.c	TIMEOUT	997.894648453	544.372573137	node-05	8610648064	ERROR (1	1994.95945709	1054.88251305	node-14	10514669568
seq-mthreaded/pals_opt-floodmax.5_true-unreach-call.ufo.BOUNDED-10.pals.c	TIMEOUT	997.870524759	508.392649889	node-25	9557049344	ERROR (1	1988.33585198	1009.14188385	node-07	9626857472
seq-mthreaded/pals_opt-floodmax.5_true-unreach-call.ufo.UNBOUNDED.pals.c	ERROR (1	943.180960293	479.708702803	node-06	7994683392	TIMEOUT	1995.92838348	1009.95898604	node-20	8896462848
seq-pthread/cs_fib_false-unreach-call.i	ERROR (1	949.677146556	489.913301945	node-06	9352142848	TIMEOUT	1995.8274676	1016.20643401	node-23	10864766976
seq-pthread/cs_fib_longer_false-unreach-call.i	KILLED BY SIGNAL 9	814.564236755	519.530982018	node-01	7041613824	TIMEOUT	1995.89745149	1011.91627622	node-25	10008342528
seq-pthread/cs_queue_true-unreach-call.i	ERROR (1	990.884115563	505.109584093	node-17	6651764736	TIMEOUT	1995.8863162	1016.22916889	node-22	10955325440
seq-pthread/cs_read_write_lock_true-unreach-call.i	ERROR (1	936.090089738	478.436187983	node-12	7691579392	TIMEOUT	1995.86048959	1011.37021899	node-24	9757872128
seq-pthread/cs_stateful_true-unreach-call.i	TIMEOUT	908.314563614	798.524745941	node-01	4883415040	ERROR (1	1837.71970788	1638.38241696	node-23	5858484224
ssh/s3_srvr.blast.01_false-unreach-call.i.cil.c	ERROR (1	917.70553405	471.945590973	node-23	8668196864	TIMEOUT	1995.76856684	1016.10823703	node-02	10593673216
