tool	CPAchecker 1.4-svn 16401M	CPAchecker 1.4-svn 16401M	CPAchecker 1.4-svn 16401M	CPAchecker 1.4-svn 16401M	CPAchecker 1.4-svn 16401M	CPAchecker 1.4-svn 16401M	CPAchecker 1.4-svn 16401M	CPAchecker 1.4-svn 16401M	CPAchecker 1.4-svn 16401M	CPAchecker 1.4-svn 16401M
run set	sv-comp15-symbolic-noBitvector.sv-comp15-symbolic-noBitvector	sv-comp15-symbolic-noBitvector.sv-comp15-symbolic-noBitvector	sv-comp15-symbolic-noBitvector.sv-comp15-symbolic-noBitvector	sv-comp15-symbolic-noBitvector.sv-comp15-symbolic-noBitvector	sv-comp15-symbolic-noBitvector.sv-comp15-symbolic-noBitvector	sv-comp15-symbolic.sv-comp15-symbolic	sv-comp15-symbolic.sv-comp15-symbolic	sv-comp15-symbolic.sv-comp15-symbolic	sv-comp15-symbolic.sv-comp15-symbolic	sv-comp15-symbolic.sv-comp15-symbolic
test/programs/benchmarks/	status	cputime	walltime	memUsage	host	status	cputime	walltime	memUsage	host
bitvector/byte_add_1_true-unreach-call.i	false(reach)	5.069825771	3.47793197632	185466880	node-15	true	5.376397086	3.8480951786	204820480	node-10
bitvector/byte_add_2_true-unreach-call.i	false(reach)	5.04026741	3.46423983574	186806272	node-14	true	5.714257463	4.10979795456	208236544	node-21
bitvector/gcd_1_true-unreach-call.i	ERROR (1	912.076841836	855.935138941	7395643392	node-19	true	5.288678471	4.32543301582	164655104	node-10
bitvector/gcd_2_true-unreach-call.i	ERROR (1	911.42602172	905.036597013	5155749888	node-01	true	362.148095678	360.463078976	539537408	node-18
bitvector/gcd_3_true-unreach-call.i	ERROR (1	910.744798443	893.435124874	5161222144	node-17	true	373.71672359	371.901498079	548859904	node-10
bitvector/interleave_bits_true-unreach-call.i	false(reach)	3.093025054	2.26747584343	160227328	node-17	true	3.250892989	2.23298192024	161099776	node-14
bitvector/jain_1_true-unreach-call.i	TIMEOUT	909.527894244	900.156985044	3535265792	node-10	ERROR (1	910.828078195	904.11967206	3448082432	node-09
bitvector/jain_2_true-unreach-call.i	ERROR (1	910.735330375	900.851184845	3537104896	node-01	TIMEOUT	901.1011402	895.761584997	3426369536	node-03
bitvector/jain_4_true-unreach-call.i	ERROR (1	910.63778836	904.959438086	3603664896	node-16	TIMEOUT	902.804204604	896.725409031	3476697088	node-14
bitvector/jain_6_true-unreach-call.i	ERROR (1	910.968041401	901.430596113	3536949248	node-15	TIMEOUT	900.66185953	894.36361289	3468316672	node-12
bitvector/modulus_true-unreach-call.i	false(reach)	2.731471594	2.00942111015	155807744	node-16	TIMEOUT	901.720161153	893.203776121	689238016	node-23
bitvector/num_conversion_2_true-unreach-call.i	false(reach)	6.673580571	4.85942006111	230219776	node-24	true	8.293403559	6.00747418404	281321472	node-11
bitvector/parity_true-unreach-call.i	false(reach)	2.713470546	1.97547411919	148189184	node-12	TIMEOUT	900.900914426	885.042261839	4347314176	node-04
bitvector/sum02_true-unreach-call.i	false(reach)	3.038554904	2.02845692635	158052352	node-16	TIMEOUT	901.148914185	894.984699965	1358622720	node-23
bitvector-regression/implicitunsignedconversion_false-unreach-call.i	true	2.785200795	1.91168403625	147554304	node-03	false(reach)	2.856068494	1.99953484535	147136512	node-15
bitvector-regression/signextension2_false-unreach-call.i	true	3.135866413	2.1379108429	151019520	node-23	false(reach)	3.165903924	2.2176232338	152514560	node-13
bitvector-regression/signextension_false-unreach-call.i	true	3.157424434	2.15051293373	151638016	node-10	false(reach)	3.34851667	2.27654194832	150925312	node-08
ldv-linux-3.4-simple/32_1_cilled_true-unreach-call_ok_nondet_linux-3.4-32_1-drivers--mtd--maps--sbc_gxx.ko-ldv_main0_sequence_infinite_withcheck_stateful.cil.out.c	TIMEOUT	901.464229636	888.240092039	3754135552	node-13	ERROR (1	910.836635555	894.248054981	3920433152	node-13
ldv-linux-3.4-simple/43_1a_cilled_true-unreach-call_ok_nondet_linux-43_1a-drivers--media--rc--keymaps--rc-kworld-pc150u.ko-ldv_main0_sequence_infinite_withcheck_stateful.cil.out.c	TIMEOUT	901.102149408	885.205631971	3677356032	node-24	KILLED BY SIGNAL 9	845.708268737	939.518271923	3665555456	node-01
ldv-linux-3.4-simple/43_1a_cilled_true-unreach-call_ok_nondet_linux-43_1a-drivers--media--rc--keymaps--rc-pixelview-new.ko-ldv_main0_sequence_infinite_withcheck_stateful.cil.out.c	TIMEOUT	901.094552641	883.018823862	3695628288	node-20	KILLED BY SIGNAL 9	839.060188904	853.176697016	3639623680	node-01
ldv-linux-3.4-simple/43_1a_cilled_true-unreach-call_ok_nondet_linux-43_1a-drivers--mtd--maps--sbc_gxx.ko-ldv_main0_sequence_infinite_withcheck_stateful.cil.out.c	TIMEOUT	901.139537303	886.560091972	3699109888	node-12	ERROR (1	910.820011034	896.126649141	3770806272	node-25
ldv-linux-3.4-simple/43_1a_cilled_true-unreach-call_ok_nondet_linux-43_1a-drivers--mtd--tests--mtd_pagetest.ko-ldv_main0_sequence_infinite_withcheck_stateful.cil.out.c	TIMEOUT	901.347977452	888.54428792	3606552576	node-15	KILLED BY SIGNAL 9	863.969716473	958.181056976	3624714240	node-01
ldv-linux-3.4-simple/43_1a_cilled_true-unreach-call_ok_nondet_linux-43_1a-drivers--mtd--tests--mtd_subpagetest.ko-ldv_main0_sequence_infinite_withcheck_stateful.cil.out.c	TIMEOUT	901.00677176	888.446645021	3583700992	node-15	KILLED BY SIGNAL 9	775.869140112	933.819106102	3606564864	node-01
ldv-linux-3.4-simple/43_1a_cilled_true-unreach-call_ok_nondet_linux-43_1a-drivers--uio--uio_aec.ko-ldv_main0_sequence_infinite_withcheck_stateful.cil.out.c	TIMEOUT	903.075287559	884.974467993	4035665920	node-16	KILLED BY SIGNAL 9	763.404250546	909.938133001	3954597888	node-01
ldv-linux-3.4-simple/43_1a_cilled_true-unreach-call_ok_nondet_linux-43_1a-drivers--usb--storage--ums-jumpshot.ko-ldv_main0_sequence_infinite_withcheck_stateful.cil.out.c	TIMEOUT	901.148599932	884.93183589	3802415104	node-21	KILLED BY SIGNAL 9	750.881230232	882.94622612	3736559616	node-01
ldv-linux-3.16-rc1/43_2a_consumption_linux-3.16-rc1.tar.xz-43_2a-drivers--infiniband--hw--nes--iw_nes.ko-entry_point_true-unreach-call.cil.out.c	TIMEOUT	901.84789052	883.49890089	2539593728	node-01	KILLED BY SIGNAL 9	794.213648765	911.341148138	2501087232	node-01
floats-cdfpl/newton_2_7_false-unreach-call.i	false(reach)	3.460376978	7.43118286133	169025536	node-18	TIMEOUT	901.19578083	899.476474047	498999296	node-19
floats-cdfpl/newton_2_8_false-unreach-call.i	false(reach)	3.164373657	2.23183703423	165789696	node-04	TIMEOUT	901.099234767	899.286638021	564596736	node-03
floats-cdfpl/newton_3_6_false-unreach-call.i	false(reach)	6.361663701	3.99351811409	309698560	node-15	TIMEOUT	901.412068895	897.872869015	1054908416	node-17
floats-cdfpl/newton_3_8_false-unreach-call.i	false(reach)	6.634246543	3.96609306335	310501376	node-25	TIMEOUT	904.426066167	899.493563175	946192384	node-06
floats-cdfpl/newton_1_1_true-unreach-call.i	false(reach)	2.940106982	2.10042595863	159633408	node-23	TIMEOUT	900.893369732	899.388818979	398483456	node-09
floats-cdfpl/newton_1_2_true-unreach-call.i	false(reach)	3.036818531	2.10647177696	161370112	node-13	TIMEOUT	900.834013508	899.23091197	453083136	node-13
floats-cdfpl/newton_1_3_true-unreach-call.i	false(reach)	2.87431714	2.12933588028	157806592	node-12	TIMEOUT	900.867587919	899.194293976	478457856	node-19
floats-cdfpl/newton_2_1_true-unreach-call.i	false(reach)	3.109572532	2.31016993523	166498304	node-19	TIMEOUT	901.190151722	899.127820969	482394112	node-21
floats-cdfpl/newton_2_2_true-unreach-call.i	false(reach)	3.23270879	2.21591210365	168955904	node-16	TIMEOUT	901.20288882	899.624358892	531267584	node-12
floats-cdfpl/newton_2_3_true-unreach-call.i	false(reach)	3.276140857	2.29880213737	162824192	node-12	TIMEOUT	901.077000035	899.42257309	525058048	node-21
floats-cdfpl/newton_2_4_true-unreach-call.i	false(reach)	3.281283301	2.29605388641	165756928	node-18	TIMEOUT	901.082259381	898.956188917	674713600	node-16
floats-cdfpl/newton_2_5_true-unreach-call.i	false(reach)	3.336642349	2.59637999535	162357248	node-13	TIMEOUT	901.136132516	899.732702971	502575104	node-16
floats-cdfpl/newton_3_1_true-unreach-call.i	false(reach)	6.106179864	3.89639902115	313536512	node-17	TIMEOUT	901.420960425	897.768494129	1078009856	node-15
floats-cdfpl/newton_3_2_true-unreach-call.i	false(reach)	6.511778414	4.11220812798	311185408	node-22	TIMEOUT	901.885886121	896.506622076	1071620096	node-06
floats-cdfpl/newton_3_3_true-unreach-call.i	false(reach)	6.05659466	3.74956607819	317227008	node-04	TIMEOUT	901.423413779	897.474519014	1082560512	node-12
floats-cdfpl/newton_3_4_true-unreach-call.i	false(reach)	6.708545674	4.12474703789	302837760	node-11	TIMEOUT	904.862217826	901.177446842	999522304	node-23
floats-cdfpl/newton_3_5_true-unreach-call.i	false(reach)	6.068960621	3.83932518959	310845440	node-18	TIMEOUT	901.529784568	897.337584972	1045987328	node-18
floats-cdfpl/sine_4_true-unreach-call.i	false(reach)	2.762923241	2.03017997742	160808960	node-20	TIMEOUT	900.775205663	898.607361078	388739072	node-18
floats-cdfpl/sine_5_true-unreach-call.i	false(reach)	2.916885946	2.09036397934	163024896	node-12	TIMEOUT	901.172521238	897.909524202	322723840	node-06
floats-cdfpl/sine_6_true-unreach-call.i	false(reach)	3.001617161	1.95878696442	159690752	node-04	TIMEOUT	900.774693264	898.808262825	348663808	node-14
floats-cdfpl/sine_7_true-unreach-call.i	false(reach)	2.946720504	2.02712106705	153329664	node-02	true	813.74649404	812.123970985	374632448	node-24
floats-cdfpl/sine_8_true-unreach-call.i	false(reach)	2.82435682	2.04172515869	159182848	node-20	TIMEOUT	900.820071646	898.982922792	338305024	node-17
floats-cdfpl/square_4_true-unreach-call.i	false(reach)	3.023662006	2.15198922157	162525184	node-11	TIMEOUT	900.786248857	898.84009099	392671232	node-11
floats-cdfpl/square_5_true-unreach-call.i	false(reach)	2.89111322	2.05612707138	159686656	node-02	TIMEOUT	900.815671664	898.858120203	359415808	node-15
floats-cdfpl/square_6_true-unreach-call.i	false(reach)	2.974459778	2.13402104378	156778496	node-14	TIMEOUT	900.830171467	898.650827169	391483392	node-19
floats-cdfpl/square_7_true-unreach-call.i	false(reach)	2.999012856	2.0707449913	160481280	node-02	true	540.212724617	537.843278885	360640512	node-06
floats-cdfpl/square_8_true-unreach-call.i	false(reach)	3.152733939	2.07858204842	156672000	node-11	true	96.494548996	95.5282390118	268021760	node-08
floats-cbmc-regression/float-no-simp2_true-unreach-call.i	true	3.244681942	2.30561804771	160169984	node-13	false(reach)	5.460980715	4.36875700951	174874624	node-01
floats-cbmc-regression/float12_true-unreach-call.i	false(reach)	3.036975652	2.12573099136	149487616	node-12	true	2.932673504	1.9545071125	157192192	node-16
floats-cbmc-regression/float19_true-unreach-call.i	false(reach)	3.178120209	2.26932096481	156094464	node-10	true	3.190024026	2.24786901474	161820672	node-20
floats-cbmc-regression/float20_true-unreach-call.i	false(reach)	2.838411043	2.03105020523	147599360	node-19	true	3.073597373	2.15111684799	160370688	node-02
floats-cbmc-regression/float4_true-unreach-call.i	true	3.362352483	2.38212800026	163446784	node-19	false(reach)	15.041805936	14.0883870125	193634304	node-17
float-benchs/nan_double_false-unreach-call.c	true	2.843249718	1.96423411369	151146496	node-11	false(reach)	2.957466857	1.98492097855	152993792	node-21
float-benchs/nan_float_false-unreach-call.c	true	2.731967372	1.99092388153	144875520	node-14	false(reach)	2.852453287	2.02505707741	153088000	node-18
float-benchs/inv_square_int_true-unreach-call.c	false(reach)	2.900023444	2.1025800705	152371200	node-02	true	3.244028668	2.29995393753	162983936	node-02
float-benchs/inv_square_true-unreach-call.c	false(reach)	2.976229495	2.03112101555	156291072	node-12	true	3.727040766	2.84446501732	168710144	node-06
float-benchs/sin_interpolated_bigrange_loose_true-unreach-call.c	false(reach)	3.564936366	2.54396915436	172240896	node-13	TIMEOUT	900.881185784	899.209536076	388935680	node-21
float-benchs/sin_interpolated_bigrange_tight_true-unreach-call.c	false(reach)	3.55569998	2.4881939888	170086400	node-20	TIMEOUT	900.922976181	898.942276001	405905408	node-10
loops/invert_string_false-unreach-call.i	false(reach)	3.027252447	2.18632602692	155709440	node-16	EXCEPTION	599.319836221	592.213551044	3553595392	node-05
loops/verisec_sendmail__tTflag_arr_one_loop_false-unreach-call.i	true	3.865167312	2.82307982445	161538048	node-07	false(reach)	4.564784509	3.32594013214	178606080	node-20
loops/count_up_down_true-unreach-call_true-termination.i	false(reach)	3.130192088	2.24494886398	150917120	node-06	TIMEOUT	902.388629083	894.285317898	3594539008	node-24
loops/trex03_true-unreach-call.i	false(reach)	2.892014122	2.08649086952	159203328	node-15	TIMEOUT	901.526049952	883.654766083	3733057536	node-08
loop-acceleration/diamond_true-unreach-call1.i	false(reach)	5.747540288	4.98156404495	159858688	node-01	true	4.683776494	3.43757295609	177737728	node-03
loop-acceleration/diamond_true-unreach-call2.i	false(reach)	3.08878359	2.19721794128	154705920	node-05	true	3.6983541	2.91306209564	154075136	node-11
loop-acceleration/phases_true-unreach-call2.i	false(reach)	3.386292065	2.40922093391	151396352	node-06	true	2.809462496	1.98359012604	148398080	node-24
loop-invgen/half_2_true-unreach-call.i	false(reach)	2.936321624	2.08129000664	149037056	node-24	TIMEOUT	901.074721073	891.325221062	3734323200	node-03
loop-invgen/heapsort_true-unreach-call.i	false(reach)	3.081420694	2.19425296783	150036480	node-07	TIMEOUT	901.253791978	889.547608137	3656855552	node-19
loop-lit/jm2006_variant_true-unreach-call.c.i	TIMEOUT	902.083872287	893.762681961	3597320192	node-09	KILLED BY SIGNAL 9	855.96662283	947.183890104	3620003840	node-01
product-lines/email_spec0_product26_false-unreach-call.cil.c	TIMEOUT	903.329193461	888.728726149	3977154560	node-17	KILLED BY SIGNAL 9	834.439063912	940.832638979	3946172416	node-01
product-lines/email_spec11_productSimulator_false-unreach-call.cil.c	TIMEOUT	903.206039736	889.767440081	3752902656	node-18	KILLED BY SIGNAL 9	815.051084461	922.861200094	3626455040	node-01
product-lines/email_spec8_product29_true-unreach-call.cil.c	TIMEOUT	903.119495814	888.481335878	3936714752	node-07	KILLED BY SIGNAL 9	769.030127315	857.37351799	3820990464	node-01
product-lines/minepump_spec5_product33_true-unreach-call.cil.c	TIMEOUT	902.110649883	877.863135815	4420919296	node-09	KILLED BY SIGNAL 9	671.37094238	693.983057022	4011626496	node-01
systemc/token_ring.09_false-unreach-call_false-termination.cil.c	TIMEOUT	901.830059641	888.6896348	3603116032	node-09	KILLED BY SIGNAL 9	756.723733579	857.201534033	3622367232	node-01
seq-mthreaded/pals_lcr-var-start-time.5_false-unreach-call.1.ufo.BOUNDED-10.pals.c	false(reach)	540.242866852	529.153445959	3677736960	node-12	TIMEOUT	901.476235676	890.208544016	3569270784	node-18
seq-mthreaded/pals_lcr-var-start-time.5_false-unreach-call.1.ufo.UNBOUNDED.pals.c	false(reach)	493.93743148	483.177662849	3697098752	node-24	TIMEOUT	901.532338663	891.260164976	2560196608	node-16
seq-mthreaded/pals_lcr.6_false-unreach-call.1.ufo.BOUNDED-12.pals.c	false(reach)	653.437540451	640.780657053	3782504448	node-13	TIMEOUT	901.608882891	889.479197979	3676430336	node-13
seq-mthreaded/pals_lcr.6_false-unreach-call.1.ufo.UNBOUNDED.pals.c	false(reach)	533.252754283	521.829497814	3710181376	node-21	TIMEOUT	901.726829006	890.305008888	2582237184	node-24
seq-mthreaded/pals_floodmax.3_true-unreach-call.ufo.UNBOUNDED.pals.c	TIMEOUT	902.385596387	888.329105139	3682549760	node-21	KILLED BY SIGNAL 9	839.854817482	913.140210867	3747528704	node-01
seq-mthreaded/pals_lcr-var-start-time.5_true-unreach-call.ufo.BOUNDED-10.pals.c	false(reach)	602.907576924	600.511617899	3670339584	node-01	TIMEOUT	901.578754789	890.114387035	3577839616	node-12
seq-mthreaded/pals_lcr-var-start-time.5_true-unreach-call.ufo.UNBOUNDED.pals.c	false(reach)	529.400642685	519.082935095	3673133056	node-18	TIMEOUT	901.56216437	890.006752014	3583410176	node-04
seq-mthreaded/pals_lcr.3_true-unreach-call.ufo.UNBOUNDED.pals.c	TIMEOUT	902.020328513	887.723191023	3805782016	node-22	false(reach)	176.333893522	168.40448904	2370863104	node-16
seq-mthreaded/pals_lcr.6_true-unreach-call.ufo.BOUNDED-12.pals.c	true	567.272922923	556.42303896	3674542080	node-25	TIMEOUT	901.385126928	889.901502132	3598819328	node-03
