tool	CPAchecker 1.4-svn 16434M	CPAchecker 1.4-svn 16434M	CPAchecker 1.4-svn 16434M	CPAchecker 1.4-svn 16434M	CPAchecker 1.4-svn 16434M	CPAchecker 1.4-svn 16433M	CPAchecker 1.4-svn 16433M	CPAchecker 1.4-svn 16433M	CPAchecker 1.4-svn 16433M	CPAchecker 1.4-svn 16433M
run set	sv-comp15-symbolic-noBitvector.sv-comp15-symbolic-noBitvector	sv-comp15-symbolic-noBitvector.sv-comp15-symbolic-noBitvector	sv-comp15-symbolic-noBitvector.sv-comp15-symbolic-noBitvector	sv-comp15-symbolic-noBitvector.sv-comp15-symbolic-noBitvector	sv-comp15-symbolic-noBitvector.sv-comp15-symbolic-noBitvector	sv-comp15-symbolic.sv-comp15-symbolic	sv-comp15-symbolic.sv-comp15-symbolic	sv-comp15-symbolic.sv-comp15-symbolic	sv-comp15-symbolic.sv-comp15-symbolic	sv-comp15-symbolic.sv-comp15-symbolic
test/programs/benchmarks/	status	cputime	walltime	host	memUsage	status	cputime	walltime	host	memUsage
array-examples/sorting_bubblesort_false-unreach-call2_ground.i	ERROR (1	918.609938906	528.290740013	node-17	9962713088	TIMEOUT	998.005055139	534.632649899	node-08	7961505792
array-examples/standard_partition_false-unreach-call_ground.i	ERROR (1	967.253779111	702.738592148	node-22	6263435264	TIMEOUT	998.106404823	713.928751945	node-17	6681710592
array-examples/sorting_bubblesort_true-unreach-call_ground.i	TIMEOUT	997.968070274	541.522933006	node-07	7827689472	ERROR (1	919.752373231	528.124992132	node-06	10145275904
array-examples/standard_compareModified_true-unreach-call_ground.i	ERROR (1	911.447980871	863.70927	node-06	3573673984	TIMEOUT	905.662886982	866.189026117	node-20	3577171968
bitvector/byte_add_1_true-unreach-call.i	false(reach)	6.111423687	4.07617902756	node-22	301187072	true	6.712860401	4.68103098869	node-20	323829760
bitvector/byte_add_2_true-unreach-call.i	false(reach)	5.946944608	4.27611303329	node-12	310054912	true	6.600922693	4.58682990074	node-04	329408512
bitvector/gcd_1_true-unreach-call.i	ERROR (1	910.7432653	896.569797993	node-18	4390850560	true	5.020881866	4.02247190475	node-23	173309952
bitvector/gcd_2_true-unreach-call.i	ERROR (1	910.866792183	905.823930979	node-07	3661504512	true	325.15597556	322.101513147	node-24	711802880
bitvector/gcd_3_true-unreach-call.i	ERROR (1	910.771538793	900.802247047	node-24	3545260032	true	377.910995572	375.23714304	node-12	715948032
bitvector/interleave_bits_true-unreach-call.i	false(reach)	3.172161518	2.28213191032	node-05	154210304	true	3.171976275	2.2726790905	node-23	162058240
bitvector/jain_2_true-unreach-call.i	ERROR (1	911.081808527	909.575751066	node-20	3597824000	TIMEOUT	900.771254504	894.885911942	node-20	3567198208
bitvector/jain_4_true-unreach-call.i	ERROR (1	910.931572648	903.290291071	node-03	3583770624	TIMEOUT	901.062245814	894.968379974	node-14	3575128064
bitvector/jain_6_true-unreach-call.i	ERROR (1	910.824057197	901.758767128	node-20	3535556608	TIMEOUT	900.677388539	894.368493795	node-21	3470475264
bitvector/modulus_true-unreach-call.i	false(reach)	3.044825738	2.22698283195	node-05	150872064	TIMEOUT	900.756856092	891.837040901	node-05	2276323328
bitvector/num_conversion_2_true-unreach-call.i	false(reach)	6.441086234	4.74512195587	node-02	229076992	true	8.470172651	6.01993012428	node-25	288432128
bitvector/parity_true-unreach-call.i	false(reach)	2.901505822	2.06058311462	node-04	155398144	TIMEOUT	913.998708542	900.187437057	node-10	4101480448
bitvector/sum02_true-unreach-call.i	false(reach)	2.784219829	2.01024603844	node-16	155623424	TIMEOUT	906.859454313	899.247596025	node-02	3561840640
bitvector/s3_clnt_1_false-unreach-call.BV.c.cil.c	TIMEOUT	997.962967366	508.331261873	node-18	9249906688	ERROR (1	943.076155984	479.059506893	node-15	7606706176
bitvector/s3_clnt_2_true-unreach-call.BV.c.cil.c	TIMEOUT	997.894237368	509.997543097	node-12	9205714944	ERROR (1	962.5122953	491.487879038	node-01	7617613824
bitvector/s3_clnt_3_true-unreach-call.BV.c.cil.c	ERROR (1	987.637510638	501.5636549	node-09	7561875456	TIMEOUT	997.856496591	508.735234976	node-19	9226903552
bitvector-regression/implicitunsignedconversion_false-unreach-call.i	true	2.824289702	1.98124790192	node-12	146587648	false(reach)	3.112554895	2.14618587494	node-03	149766144
bitvector-regression/signextension2_false-unreach-call.i	true	2.960340269	2.10165095329	node-07	146198528	false(reach)	3.412498154	2.29231405258	node-02	152211456
bitvector-regression/signextension_false-unreach-call.i	true	3.31160435	2.19991898537	node-07	155037696	false(reach)	3.115942473	2.13852596283	node-07	148873216
ntdrivers-simplified/kbfiltr_simpl1_true-unreach-call_true-termination.cil.c	TIMEOUT	997.913303164	510.378093004	node-17	8130048000	ERROR (1	942.451962213	486.227121115	node-20	9506107392
ntdrivers-simplified/kbfiltr_simpl2_true-unreach-call_true-termination.cil.c	ERROR (1	970.802331411	492.542085886	node-03	6640762880	TIMEOUT	997.781584117	508.343527079	node-05	9042309120
ssh-simplified/s3_clnt_2_false-unreach-call_true-termination.cil.c	ERROR (1	996.103921896	505.91072011	node-13	7783354368	TIMEOUT	997.80021845	508.531126022	node-25	9515999232
ssh-simplified/s3_srvr_13_false-unreach-call.cil.c	TIMEOUT	997.979135364	509.173354864	node-10	9320013824	ERROR (1	932.264757867	474.552872896	node-03	8362270720
ssh-simplified/s3_srvr_14_false-unreach-call.cil.c	ERROR (1	977.149045429	498.718513012	node-11	6983884800	TIMEOUT	997.82874794	510.301626921	node-09	9259626496
ssh-simplified/s3_srvr_2_false-unreach-call.cil.c	ERROR (1	930.998706041	473.757491827	node-16	7564148736	TIMEOUT	997.742061666	508.027029991	node-21	9260240896
ssh-simplified/s3_clnt_2_true-unreach-call_true-termination.cil.c	TIMEOUT	997.636691232	509.712723017	node-05	9514672128	ERROR (1	960.419511712	488.045824051	node-03	7772192768
ssh-simplified/s3_srvr_1_true-unreach-call.cil.c	TIMEOUT	997.602977848	508.701764107	node-03	9355259904	ERROR (1	929.754845328	472.12288785	node-06	6689288192
ssh-simplified/s3_srvr_2_true-unreach-call.cil.c	ERROR (1	922.631205271	469.784326077	node-18	7568519168	TIMEOUT	997.833460366	508.238046885	node-09	9258831872
ssh-simplified/s3_srvr_4_true-unreach-call.cil.c	TIMEOUT	997.971589	508.353212118	node-11	9260228608	ERROR (1	993.047396758	503.839347839	node-15	6836449280
ssh-simplified/s3_srvr_6_true-unreach-call.cil.c	TIMEOUT	997.955535071	508.26870203	node-02	9256423424	ERROR (1	962.289418512	489.000568867	node-20	7663783936
ssh-simplified/s3_srvr_7_true-unreach-call.cil.c	ERROR (1	970.637031806	493.130079985	node-04	7428464640	TIMEOUT	997.873001114	508.856497049	node-03	9462464512
locks/test_locks_12_true-unreach-call_false-termination.c	TIMEOUT	960.740021114	574.702890873	node-14	7101796352	KILLED BY SIGNAL 9	886.81539749	630.094861984	node-01	7239737344
locks/test_locks_9_true-unreach-call.c	ERROR (1	916.461524627	529.366554976	node-07	9249472512	TIMEOUT	998.176036393	558.042917013	node-25	8979243008
ldv-linux-3.0/module_get_put-drivers-usb-core-usbcore.ko_false-unreach-call.cil.out.i.pp.i	ERROR (1	986.340928525	553.792545795	node-19	9425055744	TIMEOUT	998.072076699	566.670751095	node-22	9745768448
ldv-linux-3.0/usb_urb-drivers-hid-usbhid-usbmouse.ko_false-unreach-call.cil.out.i.pp.i	ERROR (1	913.977533877	749.324752092	node-11	6005825536	false(reach)	554.00966966	524.408219099	node-21	4125753344
ldv-linux-3.0/usb_urb-drivers-usb-misc-iowarrior.ko_false-unreach-call.cil.out.i.pp.i	TIMEOUT	997.788531167	524.852412939	node-02	9569808384	ERROR (1	914.531507993	487.172986984	node-22	8765378560
ldv-linux-3.0/module_get_put-drivers-hwmon-it87.ko_true-unreach-call.cil.out.i.pp.i	ERROR (1	934.822263066	480.45719409	node-04	9297301504	TIMEOUT	997.954254162	509.570883989	node-04	7940681728
ldv-linux-3.0/usb_urb-drivers-media-video-msp3400.ko_true-unreach-call.cil.out.i.pp.i	TIMEOUT	998.038775171	504.910054922	node-10	4725334016	ERROR (1	946.091509857	481.455246925	node-07	6663122944
ldv-linux-3.0/usb_urb-drivers-misc-c2port-core.ko_true-unreach-call.cil.out.i.pp.i	ERROR (1	991.489311557	510.388660908	node-20	8887541760	TIMEOUT	997.877564716	510.432865858	node-02	8841117696
ldv-linux-3.0/usb_urb-drivers-usb-serial-ir-usb.ko_true-unreach-call.cil.out.i.pp.i	ERROR (1	914.149091287	551.146780014	node-10	8910884864	TIMEOUT	905.960992618	568.579442024	node-25	9947512832
ldv-linux-3.4-simple/43_1a_cilled_false-unreach-call_ok_linux-43_1a-drivers--net--wireless--orinoco--orinoco_usb.ko-ldv_main0_sequence_infinite_withcheck_stateful.cil.out.c	TIMEOUT	997.99217733	529.862938881	node-04	8441323520	ERROR (1	944.572076725	496.391052008	node-18	6909509632
ldv-linux-3.4-simple/32_1_cilled_true-unreach-call_ok_nondet_linux-3.4-32_1-drivers--block--paride--fit2.ko-ldv_main0_sequence_infinite_withcheck_stateful.cil.out.c	TIMEOUT	997.685407847	509.129248142	node-16	8906268672	ERROR (1	930.523660723	474.476525068	node-02	8042962944
ldv-linux-3.4-simple/32_1_cilled_true-unreach-call_ok_nondet_linux-3.4-32_1-drivers--block--paride--fit3.ko-ldv_main0_sequence_infinite_withcheck_stateful.cil.out.c	TIMEOUT	997.977677237	534.578766108	node-19	8625061888	ERROR (1	917.933820907	496.050730944	node-16	8533200896
ldv-linux-3.4-simple/32_1_cilled_true-unreach-call_ok_nondet_linux-3.4-32_1-drivers--gpio--gpio-wm831x.ko-ldv_main0_sequence_infinite_withcheck_stateful.cil.out.c	ERROR (1	918.87126537	502.856631994	node-18	9419440128	TIMEOUT	998.001800989	539.772187948	node-24	9008648192
ldv-linux-3.4-simple/32_1_cilled_true-unreach-call_ok_nondet_linux-3.4-32_1-drivers--hid--hid-gyration.ko-ldv_main0_sequence_infinite_withcheck_stateful.cil.out.c	TIMEOUT	997.94011172	524.146153927	node-16	10250616832	ERROR (1	986.034949351	515.806698084	node-13	9268125696
ldv-linux-3.4-simple/32_1_cilled_true-unreach-call_ok_nondet_linux-3.4-32_1-drivers--hid--hid-tivo.ko-ldv_main0_sequence_infinite_withcheck_stateful.cil.out.c	ERROR (1	933.591541004	480.850606918	node-05	7220117504	TIMEOUT	997.845691666	517.168677092	node-03	10307866624
ldv-linux-3.4-simple/32_1_cilled_true-unreach-call_ok_nondet_linux-3.4-32_1-drivers--hid--hid-topseed.ko-ldv_main0_sequence_infinite_withcheck_stateful.cil.out.c	TIMEOUT	997.819243249	510.267500877	node-05	9359904768	ERROR (1	961.432489727	488.471470118	node-20	6701854720
ldv-linux-3.4-simple/32_1_cilled_true-unreach-call_ok_nondet_linux-3.4-32_1-drivers--i2c--i2c-smbus.ko-ldv_main0_sequence_infinite_withcheck_stateful.cil.out.c	TIMEOUT	997.868497128	516.071444035	node-07	7995088896	ERROR (1	950.076202094	495.731069088	node-11	8985583616
ldv-linux-3.4-simple/32_1_cilled_true-unreach-call_ok_nondet_linux-3.4-32_1-drivers--input--joystick--spaceball.ko-ldv_main0_sequence_infinite_withcheck_stateful.cil.out.c	TIMEOUT	997.987742953	509.219583035	node-10	9311301632	KILLED BY SIGNAL 9	734.719065722	512.288242102	node-01	9276162048
ldv-linux-3.4-simple/32_1_cilled_true-unreach-call_ok_nondet_linux-3.4-32_1-drivers--input--misc--wm831x-on.ko-ldv_main0_sequence_infinite_withcheck_stateful.cil.out.c	TIMEOUT	998.028566029	522.75917697	node-12	8469454848	ERROR (1	917.959387951	478.641726017	node-18	7382573056
ldv-linux-3.4-simple/32_1_cilled_true-unreach-call_ok_nondet_linux-3.4-32_1-drivers--input--touchscreen--cyttsp_spi.ko-ldv_main0_sequence_infinite_withcheck_stateful.cil.out.c	TIMEOUT	997.955069012	505.170462132	node-07	4579180544	ERROR (1	928.332017903	474.863003969	node-18	7447007232
ldv-linux-3.4-simple/32_1_cilled_true-unreach-call_ok_nondet_linux-3.4-32_1-drivers--input--touchscreen--max11801_ts.ko-ldv_main0_sequence_infinite_withcheck_stateful.cil.out.c	TIMEOUT	997.846288492	512.573788881	node-02	8101572608	ERROR (1	980.868099975	505.115530014	node-05	8220577792
ldv-linux-3.4-simple/32_1_cilled_true-unreach-call_ok_nondet_linux-3.4-32_1-drivers--input--touchscreen--stmpe-ts.ko-ldv_main0_sequence_infinite_withcheck_stateful.cil.out.c	TIMEOUT	928.387671485	522.510788918	node-01	7803121664	ERROR (1	952.790042517	501.45861721	node-13	9371099136
ldv-linux-3.4-simple/32_1_cilled_true-unreach-call_ok_nondet_linux-3.4-32_1-drivers--isdn--hardware--eicon--divadidd.ko-ldv_main0_sequence_infinite_withcheck_stateful.cil.out.c	ERROR (1	986.079948553	514.82430315	node-20	7818469376	TIMEOUT	998.054752536	517.631431818	node-18	9804492800
ldv-linux-3.4-simple/32_1_cilled_true-unreach-call_ok_nondet_linux-3.4-32_1-drivers--isdn--hisax--teles_cs.ko-ldv_main0_sequence_infinite_withcheck_stateful.cil.out.c	TIMEOUT	997.837893733	519.180106878	node-16	7154180096	ERROR (1	970.883229409	510.151926994	node-14	7400140800
ldv-linux-3.4-simple/32_1_cilled_true-unreach-call_ok_nondet_linux-3.4-32_1-drivers--media--common--tuners--mt2266.ko-ldv_main0_sequence_infinite_withcheck_stateful.cil.out.c	TIMEOUT	997.986935057	508.739038944	node-05	9139699712	ERROR (1	924.707301288	469.613445997	node-20	6565871616
ldv-linux-3.4-simple/32_1_cilled_true-unreach-call_ok_nondet_linux-3.4-32_1-drivers--media--common--tuners--tda8290.ko-ldv_main0_sequence_infinite_withcheck_stateful.cil.out.c	TIMEOUT	997.920975417	509.047854185	node-08	8589807616	ERROR (1	990.383327801	504.151980162	node-11	7685939200
ldv-linux-3.4-simple/32_1_cilled_true-unreach-call_ok_nondet_linux-3.4-32_1-drivers--media--dvb--bt8xx--dvb-bt8xx.ko-ldv_main0_sequence_infinite_withcheck_stateful.cil.out.c	ERROR (1	934.591712349	477.649501801	node-18	6899429376	TIMEOUT	997.889296855	512.236253023	node-13	9415708672
ldv-linux-3.4-simple/32_1_cilled_true-unreach-call_ok_nondet_linux-3.4-32_1-drivers--media--dvb--dvb-usb--mxl111sf-demod.ko-ldv_main0_sequence_infinite_withcheck_stateful.cil.out.c	ERROR (1	968.313245318	501.590162039	node-16	8918212608	TIMEOUT	997.959151611	514.010442019	node-22	8879616000
ldv-linux-3.4-simple/32_1_cilled_true-unreach-call_ok_nondet_linux-3.4-32_1-drivers--media--dvb--frontends--tda18271c2dd.ko-ldv_main0_sequence_infinite_withcheck_stateful.cil.out.c	TIMEOUT	997.953721535	533.141094923	node-09	10348056576	ERROR (1	922.23558613	487.289561987	node-05	7752056832
ldv-linux-3.4-simple/32_1_cilled_true-unreach-call_ok_nondet_linux-3.4-32_1-drivers--media--video--gspca--gspca_stv0680.ko-ldv_main0_sequence_infinite_withcheck_stateful.cil.out.c	ERROR (1	924.473476729	477.57090497	node-02	7372972032	TIMEOUT	998.054771392	515.244769096	node-17	8274604032
ldv-linux-3.4-simple/32_1_cilled_true-unreach-call_ok_nondet_linux-3.4-32_1-drivers--misc--apds9802als.ko-ldv_main0_sequence_infinite_withcheck_stateful.cil.out.c	TIMEOUT	998.052672021	532.655500174	node-07	9487142912	ERROR (1	925.750781963	491.159366846	node-13	7357833216
ldv-linux-3.4-simple/32_1_cilled_true-unreach-call_ok_nondet_linux-3.4-32_1-drivers--misc--eeprom--eeprom_93xx46.ko-ldv_main0_sequence_infinite_withcheck_stateful.cil.out.c	TIMEOUT	997.924221693	510.906332016	node-23	9564258304	ERROR (1	941.870722766	480.73505187	node-07	7794225152
ldv-linux-3.4-simple/32_1_cilled_true-unreach-call_ok_nondet_linux-3.4-32_1-drivers--mtd--devices--phram.ko-ldv_main0_sequence_infinite_withcheck_stateful.cil.out.c	TIMEOUT	998.027447853	509.198354006	node-15	8485392384	KILLED BY SIGNAL 9	814.60137526	517.354767084	node-01	9196281856
ldv-linux-3.4-simple/32_1_cilled_true-unreach-call_ok_nondet_linux-3.4-32_1-drivers--mtd--nftl.ko-ldv_main0_sequence_infinite_withcheck_stateful.cil.out.c	ERROR (1	945.379097193	499.614863873	node-02	8540360704	TIMEOUT	997.989203542	530.325028896	node-10	9967980544
ldv-linux-3.4-simple/32_1_cilled_true-unreach-call_ok_nondet_linux-3.4-32_1-drivers--mtd--onenand--onenand_sim.ko-ldv_main0_sequence_infinite_withcheck_stateful.cil.out.c	ERROR (1	924.883670837	472.038412809	node-14	8162840576	TIMEOUT	997.934544947	511.109030008	node-10	9103884288
ldv-linux-3.4-simple/32_1_cilled_true-unreach-call_ok_nondet_linux-3.4-32_1-drivers--mtd--tests--mtd_oobtest.ko-ldv_main0_sequence_infinite_withcheck_stateful.cil.out.c	TIMEOUT	997.980440625	508.810652971	node-14	9052635136	ERROR (1	978.146108611	503.576679945	node-07	7277809664
ldv-linux-3.4-simple/32_1_cilled_true-unreach-call_ok_nondet_linux-3.4-32_1-drivers--net--wireless--wl12xx--wl12xx_sdio.ko-ldv_main0_sequence_infinite_withcheck_stateful.cil.out.c	TIMEOUT	997.951122825	509.158046007	node-23	9082458112	ERROR (1	924.14354139	471.219837904	node-05	7443173376
ldv-linux-3.4-simple/32_1_cilled_true-unreach-call_ok_nondet_linux-3.4-32_1-drivers--platform--x86--panasonic-laptop.ko-ldv_main0_sequence_infinite_withcheck_stateful.cil.out.c	ERROR (1	982.133431137	527.283731937	node-12	8975298560	TIMEOUT	997.993150155	536.331218004	node-22	8950951936
ldv-linux-3.4-simple/32_1_cilled_true-unreach-call_ok_nondet_linux-3.4-32_1-drivers--power--wm831x_backup.ko-ldv_main0_sequence_infinite_withcheck_stateful.cil.out.c	TIMEOUT	997.78959047	509.957984924	node-15	8997027840	ERROR (1	990.756205106	503.801625013	node-18	7300653056
ldv-linux-3.4-simple/32_1_cilled_true-unreach-call_ok_nondet_linux-3.4-32_1-drivers--power--wm831x_power.ko-ldv_main0_sequence_infinite_withcheck_stateful.cil.out.c	ERROR (1	928.317643097	508.073225021	node-11	8416645120	TIMEOUT	997.752659229	538.554358006	node-03	7355592704
ldv-linux-3.4-simple/32_1_cilled_true-unreach-call_ok_nondet_linux-3.4-32_1-drivers--regulator--wm831x-ldo.ko-ldv_main0_sequence_infinite_withcheck_stateful.cil.out.c	ERROR (1	921.197967454	468.422440052	node-13	7681347584	TIMEOUT	997.813354049	508.725281	node-17	9407827968
ldv-linux-3.4-simple/32_1_cilled_true-unreach-call_ok_nondet_linux-3.4-32_1-drivers--rtc--rtc-da9052.ko-ldv_main0_sequence_infinite_withcheck_stateful.cil.out.c	TIMEOUT	998.000315639	528.357778072	node-08	10272321536	ERROR (1	935.522916684	495.126786947	node-21	8927096832
ldv-linux-3.4-simple/32_1_cilled_true-unreach-call_ok_nondet_linux-3.4-32_1-drivers--rtc--rtc-m41t93.ko-ldv_main0_sequence_infinite_withcheck_stateful.cil.out.c	TIMEOUT	998.000436711	509.949350834	node-15	9235472384	ERROR (1	955.104363802	487.998734951	node-25	8399634432
ldv-linux-3.4-simple/32_1_cilled_true-unreach-call_ok_nondet_linux-3.4-32_1-drivers--rtc--rtc-m41t94.ko-ldv_main0_sequence_infinite_withcheck_stateful.cil.out.c	ERROR (1	923.576779127	487.403061152	node-10	7261429760	TIMEOUT	998.058248358	524.941362143	node-20	9013026816
ldv-linux-3.4-simple/32_1_cilled_true-unreach-call_ok_nondet_linux-3.4-32_1-drivers--rtc--rtc-stk17ta8.ko-ldv_main0_sequence_infinite_withcheck_stateful.cil.out.c	TIMEOUT	997.900995417	515.426553965	node-14	8410460160	ERROR (1	958.612943238	498.421288967	node-21	8389447680
ldv-linux-3.4-simple/32_1_cilled_true-unreach-call_ok_nondet_linux-3.4-32_1-drivers--staging--comedi--drivers--adl_pci8164.ko-ldv_main0_sequence_infinite_withcheck_stateful.cil.out.c	TIMEOUT	997.961631632	602.196736097	node-22	8682905600	ERROR (1	912.057370622	548.52238512	node-11	8116518912
ldv-linux-3.4-simple/32_1_cilled_true-unreach-call_ok_nondet_linux-3.4-32_1-drivers--staging--telephony--ixj_pcmcia.ko-ldv_main0_sequence_infinite_withcheck_stateful.cil.out.c	ERROR (1	954.956599227	495.837505102	node-25	9225940992	TIMEOUT	998.022903216	513.313189983	node-15	8422617088
ldv-linux-3.4-simple/32_1_cilled_true-unreach-call_ok_nondet_linux-3.4-32_1-drivers--target--loopback--tcm_loop.ko-ldv_main0_sequence_infinite_withcheck_stateful.cil.out.c	ERROR (1	916.187323983	486.428063869	node-19	9012363264	TIMEOUT	997.900647748	522.222475052	node-05	9011261440
ldv-linux-3.4-simple/32_1_cilled_true-unreach-call_ok_nondet_linux-3.4-32_1-drivers--usb--otg--ab8500-usb.ko-ldv_main0_sequence_infinite_withcheck_stateful.cil.out.c	ERROR (1	948.577810123	482.87096405	node-17	7573417984	TIMEOUT	997.869536615	509.557683229	node-03	9247408128
ldv-linux-3.4-simple/32_1_cilled_true-unreach-call_ok_nondet_linux-3.4-32_1-drivers--usb--storage--ums-datafab.ko-ldv_main0_sequence_infinite_withcheck_stateful.cil.out.c	ERROR (1	927.499583139	481.159454823	node-25	8676347904	TIMEOUT	997.791134548	511.257774115	node-11	7822659584
ldv-linux-3.4-simple/32_1_cilled_true-unreach-call_ok_nondet_linux-3.4-32_1-drivers--video--backlight--ltv350qv.ko-ldv_main0_sequence_infinite_withcheck_stateful.cil.out.c	TIMEOUT	998.065254579	545.104819059	node-10	9144766464	ERROR (1	938.672023268	523.225827932	node-20	9161859072
ldv-linux-3.4-simple/43_1a_cilled_true-unreach-call_ok_nondet_linux-43_1a-drivers--gpio--gpio-74x164.ko-ldv_main0_sequence_infinite_withcheck_stateful.cil.out.c	ERROR (1	953.799060103	496.078381062	node-11	9033478144	TIMEOUT	997.962298903	515.218138933	node-19	8126525440
ldv-linux-3.4-simple/43_1a_cilled_true-unreach-call_ok_nondet_linux-43_1a-drivers--hid--hid-samsung.ko-ldv_main0_sequence_infinite_withcheck_stateful.cil.out.c	ERROR (1	928.491463905	484.455523968	node-03	7873912832	TIMEOUT	997.891738742	523.32782197	node-05	10816376832
ldv-linux-3.4-simple/43_1a_cilled_true-unreach-call_ok_nondet_linux-43_1a-drivers--hid--hid-tivo.ko-ldv_main0_sequence_infinite_withcheck_stateful.cil.out.c	ERROR (1	920.972590073	475.847795963	node-11	8163344384	TIMEOUT	997.902729964	516.715896845	node-04	10310770688
ldv-linux-3.4-simple/43_1a_cilled_true-unreach-call_ok_nondet_linux-43_1a-drivers--i2c--i2c-smbus.ko-ldv_main0_sequence_infinite_withcheck_stateful.cil.out.c	TIMEOUT	998.016050927	533.140479088	node-08	9344135168	ERROR (1	979.610764191	527.002057076	node-23	9706016768
ldv-linux-3.4-simple/43_1a_cilled_true-unreach-call_ok_nondet_linux-43_1a-drivers--input--joystick--magellan.ko-ldv_main0_sequence_infinite_withcheck_stateful.cil.out.c	ERROR (1	918.279778569	475.739765167	node-21	7938641920	TIMEOUT	997.959404866	513.37874794	node-19	7622107136
ldv-linux-3.4-simple/43_1a_cilled_true-unreach-call_ok_nondet_linux-43_1a-drivers--input--joystick--stinger.ko-ldv_main0_sequence_infinite_withcheck_stateful.cil.out.c	ERROR (1	923.996728236	485.304028988	node-01	9375617024	TIMEOUT	997.864410389	510.991273165	node-05	7578357760
ldv-linux-3.4-simple/43_1a_cilled_true-unreach-call_ok_nondet_linux-43_1a-drivers--input--joystick--twidjoy.ko-ldv_main0_sequence_infinite_withcheck_stateful.cil.out.c	ERROR (1	950.785081274	484.184642076	node-25	7429902336	TIMEOUT	997.96974946	510.109833002	node-15	9097601024
ldv-linux-3.4-simple/43_1a_cilled_true-unreach-call_ok_nondet_linux-43_1a-drivers--input--keyboard--gpio_keys_polled.ko-ldv_main0_sequence_infinite_withcheck_stateful.cil.out.c	TIMEOUT	997.961411827	568.116696119	node-21	10053402624	ERROR (1	994.648991357	556.140227795	node-01	8353787904
ldv-linux-3.4-simple/43_1a_cilled_true-unreach-call_ok_nondet_linux-43_1a-drivers--input--misc--pcap_keys.ko-ldv_main0_sequence_infinite_withcheck_stateful.cil.out.c	ERROR (1	983.821997049	506.46549201	node-23	9183076352	TIMEOUT	997.878543181	514.450577974	node-19	10327699456
ldv-linux-3.4-simple/43_1a_cilled_true-unreach-call_ok_nondet_linux-43_1a-drivers--input--mouse--gpio_mouse.ko-ldv_main0_sequence_infinite_withcheck_stateful.cil.out.c	ERROR (1	963.672796158	491.652232885	node-16	7331860480	TIMEOUT	997.716277727	512.89509201	node-07	9716715520
ldv-linux-3.4-simple/43_1a_cilled_true-unreach-call_ok_nondet_linux-43_1a-drivers--input--touchscreen--egalax_ts.ko-ldv_main0_sequence_infinite_withcheck_stateful.cil.out.c	TIMEOUT	997.864853272	516.056980848	node-12	8600506368	ERROR (1	924.162912702	480.882844925	node-24	7752400896
ldv-linux-3.4-simple/43_1a_cilled_true-unreach-call_ok_nondet_linux-43_1a-drivers--input--touchscreen--gunze.ko-ldv_main0_sequence_infinite_withcheck_stateful.cil.out.c	ERROR (1	942.781093562	480.885019064	node-17	7656927232	TIMEOUT	997.963185243	510.706241131	node-23	9428930560
ldv-linux-3.4-simple/43_1a_cilled_true-unreach-call_ok_nondet_linux-43_1a-drivers--input--touchscreen--inexio.ko-ldv_main0_sequence_infinite_withcheck_stateful.cil.out.c	TIMEOUT	997.668325825	558.826244831	node-15	9857384448	ERROR (1	933.005511252	515.330376863	node-20	8890052608
ldv-linux-3.4-simple/43_1a_cilled_true-unreach-call_ok_nondet_linux-43_1a-drivers--input--touchscreen--mtouch.ko-ldv_main0_sequence_infinite_withcheck_stateful.cil.out.c	ERROR (1	930.113885609	496.077573061	node-22	8335413248	TIMEOUT	997.957071474	528.544377089	node-04	7708266496
ldv-linux-3.4-simple/43_1a_cilled_true-unreach-call_ok_nondet_linux-43_1a-drivers--input--touchscreen--penmount.ko-ldv_main0_sequence_infinite_withcheck_stateful.cil.out.c	ERROR (1	914.442058538	578.912394047	node-11	8658878464	TIMEOUT	997.922705684	509.079283953	node-25	9209769984
ldv-linux-3.4-simple/43_1a_cilled_true-unreach-call_ok_nondet_linux-43_1a-drivers--leds--ledtrig-default-on.ko-ldv_main0_sequence_infinite_withcheck_stateful.cil.out.c	TIMEOUT	997.923519964	515.036301851	node-20	9762586624	KILLED BY SIGNAL 9	821.622518467	515.135598898	node-01	8563630080
ldv-linux-3.4-simple/43_1a_cilled_true-unreach-call_ok_nondet_linux-43_1a-drivers--media--dvb--dvb-usb--dvb-usb-ce6230.ko-ldv_main0_sequence_infinite_withcheck_stateful.cil.out.c	ERROR (1	922.049766137	498.355710983	node-17	7726649344	TIMEOUT	997.927455336	541.859237194	node-14	9959878656
ldv-linux-3.4-simple/43_1a_cilled_true-unreach-call_ok_nondet_linux-43_1a-drivers--media--dvb--frontends--dib3000mb.ko-ldv_main0_sequence_infinite_withcheck_stateful.cil.out.c	ERROR (1	945.482533104	481.894788027	node-09	7719116800	TIMEOUT	998.00602734	510.752535105	node-24	9458167808
ldv-linux-3.4-simple/43_1a_cilled_true-unreach-call_ok_nondet_linux-43_1a-drivers--media--dvb--frontends--tua6100.ko-ldv_main0_sequence_infinite_withcheck_stateful.cil.out.c	ERROR (1	927.19770931	490.623360872	node-22	9384157184	TIMEOUT	997.928943609	527.321262121	node-18	7703035904
ldv-linux-3.4-simple/43_1a_cilled_true-unreach-call_ok_nondet_linux-43_1a-drivers--media--video--cx231xx--cx231xx-dvb.ko-ldv_main0_sequence_infinite_withcheck_stateful.cil.out.c	ERROR (1	976.633903048	507.492044926	node-16	9481891840	TIMEOUT	997.643711033	521.132875919	node-01	7991414784
ldv-linux-3.4-simple/43_1a_cilled_true-unreach-call_ok_nondet_linux-43_1a-drivers--media--video--gspca--gspca_benq.ko-ldv_main0_sequence_infinite_withcheck_stateful.cil.out.c	ERROR (1	943.287296638	488.98227787	node-16	8609026048	TIMEOUT	998.084056274	518.133878946	node-09	10964099072
ldv-linux-3.4-simple/43_1a_cilled_true-unreach-call_ok_nondet_linux-43_1a-drivers--media--video--gspca--gspca_finepix.ko-ldv_main0_sequence_infinite_withcheck_stateful.cil.out.c	ERROR (1	918.653201327	469.022908926	node-16	8284393472	TIMEOUT	997.954386813	509.627515078	node-21	9204908032
ldv-linux-3.4-simple/43_1a_cilled_true-unreach-call_ok_nondet_linux-43_1a-drivers--media--video--gspca--gspca_pac207.ko-ldv_main0_sequence_infinite_withcheck_stateful.cil.out.c	TIMEOUT	997.829688338	509.406442881	node-05	9173868544	ERROR (1	923.334582388	470.20800209	node-04	7479132160
ldv-linux-3.4-simple/43_1a_cilled_true-unreach-call_ok_nondet_linux-43_1a-drivers--misc--apds9802als.ko-ldv_main0_sequence_infinite_withcheck_stateful.cil.out.c	TIMEOUT	997.876696128	535.040502071	node-03	6964838400	ERROR (1	939.041531736	509.142132044	node-11	9128230912
ldv-linux-3.4-simple/43_1a_cilled_true-unreach-call_ok_nondet_linux-43_1a-drivers--mtd--maps--sbc_gxx.ko-ldv_main0_sequence_infinite_withcheck_stateful.cil.out.c	TIMEOUT	998.014177314	512.847468138	node-24	8562925568	ERROR (1	972.585914641	503.395531893	node-09	9221820416
ldv-linux-3.4-simple/43_1a_cilled_true-unreach-call_ok_nondet_linux-43_1a-drivers--net--team--team_mode_roundrobin.ko-ldv_main0_sequence_infinite_withcheck_stateful.cil.out.c	TIMEOUT	997.775120977	511.569236994	node-07	8958914560	ERROR (1	989.723454466	509.703075171	node-03	8976756736
ldv-linux-3.4-simple/43_1a_cilled_true-unreach-call_ok_nondet_linux-43_1a-drivers--net--wireless--wl1251--wl1251_spi.ko-ldv_main0_sequence_infinite_withcheck_stateful.cil.out.c	ERROR (1	958.953224454	494.036733866	node-23	8228990976	TIMEOUT	997.887592335	518.657523155	node-20	10674180096
ldv-linux-3.4-simple/43_1a_cilled_true-unreach-call_ok_nondet_linux-43_1a-drivers--platform--x86--xo15-ebook.ko-ldv_main0_sequence_infinite_withcheck_stateful.cil.out.c	ERROR (1	974.168733031	527.163959026	node-07	8362340352	TIMEOUT	997.879879708	548.296388865	node-15	10343116800
ldv-linux-3.4-simple/43_1a_cilled_true-unreach-call_ok_nondet_linux-43_1a-drivers--regulator--gpio-regulator.ko-ldv_main0_sequence_infinite_withcheck_stateful.cil.out.c	TIMEOUT	997.898605298	509.244786024	node-10	9652654080	KILLED BY SIGNAL 9	876.33740365	511.430956125	node-01	8926502912
ldv-linux-3.4-simple/43_1a_cilled_true-unreach-call_ok_nondet_linux-43_1a-drivers--regulator--wm831x-isink.ko-ldv_main0_sequence_infinite_withcheck_stateful.cil.out.c	ERROR (1	976.276718248	502.738013029	node-08	9275277312	TIMEOUT	997.815096903	510.735850811	node-03	8539729920
ldv-linux-3.4-simple/43_1a_cilled_true-unreach-call_ok_nondet_linux-43_1a-drivers--rtc--rtc-da9052.ko-ldv_main0_sequence_infinite_withcheck_stateful.cil.out.c	ERROR (1	985.280349335	513.730113983	node-16	8716419072	TIMEOUT	997.818224145	518.556390047	node-13	8910716928
ldv-linux-3.4-simple/43_1a_cilled_true-unreach-call_ok_nondet_linux-43_1a-drivers--rtc--rtc-max6902.ko-ldv_main0_sequence_infinite_withcheck_stateful.cil.out.c	TIMEOUT	997.978053975	509.986864805	node-14	8775430144	ERROR (1	992.357772135	508.724148989	node-07	9636200448
ldv-linux-3.4-simple/43_1a_cilled_true-unreach-call_ok_nondet_linux-43_1a-drivers--rtc--rtc-mc13xxx.ko-ldv_main0_sequence_infinite_withcheck_stateful.cil.out.c	TIMEOUT	998.058191055	526.398438931	node-07	9727209472	ERROR (1	984.857563793	522.047013044	node-07	9590669312
ldv-linux-3.4-simple/43_1a_cilled_true-unreach-call_ok_nondet_linux-43_1a-drivers--rtc--rtc-pcf2123.ko-ldv_main0_sequence_infinite_withcheck_stateful.cil.out.c	TIMEOUT	998.159145589	564.487861872	node-20	10198487040	ERROR (1	986.56408938	559.170372963	node-18	8116523008
ldv-linux-3.4-simple/43_1a_cilled_true-unreach-call_ok_nondet_linux-43_1a-drivers--rtc--rtc-v3020.ko-ldv_main0_sequence_infinite_withcheck_stateful.cil.out.c	ERROR (1	989.160862474	503.129328966	node-02	6655152128	TIMEOUT	997.793203896	509.786256075	node-02	9419362304
ldv-linux-3.4-simple/43_1a_cilled_true-unreach-call_ok_nondet_linux-43_1a-drivers--staging--comedi--drivers--adl_pci7230.ko-ldv_main0_sequence_infinite_withcheck_stateful.cil.out.c	TIMEOUT	997.993244917	548.911258936	node-19	9338638336	ERROR (1	933.867111609	517.164047956	node-12	9366650880
ldv-linux-3.4-simple/43_1a_cilled_true-unreach-call_ok_nondet_linux-43_1a-drivers--staging--vme--boards--vme_vmivme7805.ko-ldv_main0_sequence_infinite_withcheck_stateful.cil.out.c	TIMEOUT	997.75938034	509.834893942	node-21	9411436544	ERROR (1	967.349893465	493.518418074	node-02	8383422464
ldv-linux-3.4-simple/43_1a_cilled_true-unreach-call_ok_nondet_linux-43_1a-drivers--tty--serial--altera_jtaguart.ko-ldv_main0_sequence_infinite_withcheck_stateful.cil.out.c	ERROR (1	987.327622224	502.920302153	node-24	8098738176	TIMEOUT	997.955678283	512.323366165	node-15	9267888128
ldv-linux-3.4-simple/43_1a_cilled_true-unreach-call_ok_nondet_linux-43_1a-drivers--tty--serial--mfd.ko-ldv_main0_sequence_infinite_withcheck_stateful.cil.out.c	ERROR (1	931.66933915	483.547614098	node-22	8474345472	TIMEOUT	997.933496431	514.905627012	node-09	7514624000
ldv-linux-3.4-simple/43_1a_cilled_true-unreach-call_ok_nondet_linux-43_1a-drivers--uio--uio_sercos3.ko-ldv_main0_sequence_infinite_withcheck_stateful.cil.out.c	ERROR (1	943.032705108	524.027011871	node-18	8434257920	TIMEOUT	998.253884675	555.621192932	node-16	8520503296
ldv-linux-3.4-simple/43_1a_cilled_true-unreach-call_ok_nondet_linux-43_1a-drivers--usb--otg--ab8500-usb.ko-ldv_main0_sequence_infinite_withcheck_stateful.cil.out.c	TIMEOUT	997.979698829	509.776597977	node-25	9377738752	ERROR (1	967.161246653	491.52929306	node-23	6775799808
ldv-linux-3.4-simple/43_1a_cilled_true-unreach-call_ok_nondet_linux-43_1a-drivers--usb--serial--empeg.ko-ldv_main0_sequence_infinite_withcheck_stateful.cil.out.c	TIMEOUT	997.966474687	521.362947941	node-08	9780965376	ERROR (1	928.608079242	483.118103981	node-20	9687425024
ldv-linux-3.4-simple/43_1a_cilled_true-unreach-call_ok_nondet_linux-43_1a-drivers--video--backlight--ltv350qv.ko-ldv_main0_sequence_infinite_withcheck_stateful.cil.out.c	TIMEOUT	998.02386873	548.591758966	node-09	10308202496	ERROR (1	975.847319901	544.621865988	node-25	10061197312
ldv-linux-3.4-simple/43_1a_cilled_true-unreach-call_ok_nondet_linux-43_1a-drivers--video--backlight--tdo24m.ko-ldv_main0_sequence_infinite_withcheck_stateful.cil.out.c	TIMEOUT	997.956402298	511.928267956	node-17	9156546560	KILLED BY SIGNAL 9	884.047074337	513.818103075	node-01	8378343424
ldv-linux-3.4-simple/43_1a_cilled_true-unreach-call_ok_nondet_linux-43_1a-drivers--w1--slaves--w1_ds2780.ko-ldv_main0_sequence_infinite_withcheck_stateful.cil.out.c	TIMEOUT	998.046859076	518.73882103	node-19	8638754816	ERROR (1	955.937029165	501.0449121	node-03	9800568832
ldv-linux-3.4-simple/43_1a_cilled_true-unreach-call_ok_nondet_linux-43_1a-drivers--watchdog--sbc8360.ko-ldv_main0_sequence_infinite_withcheck_stateful.cil.out.c	ERROR (1	934.947157267	477.0047791	node-13	5957308416	TIMEOUT	997.799186656	522.589825153	node-02	8904650752
ldv-linux-3.4-simple/43_1a_cilled_true-unreach-call_ok_nondet_linux-43_1a-drivers--watchdog--wm831x_wdt.ko-ldv_main0_sequence_infinite_withcheck_stateful.cil.out.c	ERROR (1	922.43662437	471.609706879	node-18	7875596288	TIMEOUT	997.90167737	510.293071985	node-23	8706945024
ldv-linux-3.4-simple/43_1a_cilled_true-unreach-call_ok_nondet_linux-43_1a-drivers--xen--xenfs--xenfs.ko-ldv_main0_sequence_infinite_withcheck_stateful.cil.out.c	KILLED BY SIGNAL 9	884.951255971	512.991647959	node-01	7452110848	TIMEOUT	997.908287236	521.790086031	node-08	10210676736
ldv-linux-3.7.3/main0_false-unreach-call_drivers-net-wireless-mwl8k-ko---32_7a--linux-3.7.3.c	TIMEOUT	997.984863362	511.495702028	node-24	9421090816	ERROR (1	933.910622193	476.448710918	node-24	7395254272
ldv-linux-3.7.3/main11_false-unreach-call_drivers-usb-core-usbcore-ko--32_7a--linux-3.7.3.c	ERROR (1	973.115319923	515.109075069	node-10	9958735872	TIMEOUT	997.975167634	537.335921049	node-13	10021953536
ldv-linux-3.7.3/main15_false-unreach-call_drivers-usb-core-usbcore-ko--32_7a--linux-3.7.3.c	TIMEOUT	997.887761902	512.887346029	node-08	8548970496	ERROR (1	994.105387043	514.886407137	node-02	8907026432
ldv-linux-3.7.3/main3_false-unreach-call_drivers-gpu-drm-vmwgfx-vmwgfx-ko--32_7a--linux-3.5.c	TIMEOUT	997.89053753	543.681239128	node-16	7686668288	ERROR (1	931.078204767	513.79231286	node-11	8065671168
ldv-commit-tester/m0_false-unreach-call_drivers-media-rc-imon--32_7a--a9e7fb5-1.c	ERROR (1	958.484027329	510.86073184	node-07	10106228736	TIMEOUT	997.730008023	519.071026087	node-10	8565616640
ldv-commit-tester/m0_false-unreach-call_drivers-net-b44-ko--114_1a--073676f-1.c	ERROR (1	977.725928172	503.573423862	node-01	8638373888	TIMEOUT	997.989502631	513.133768082	node-07	9916395520
ldv-commit-tester/m0_false-unreach-call_drivers-staging-comedi-drivers-ni_pcidio-ko--107_1a--adbbc36-1.c	TIMEOUT	997.908013189	523.591403961	node-13	10052804608	ERROR (1	954.238013471	498.986297846	node-09	8698310656
ldv-commit-tester/main0_false-unreach-call_drivers-media-video-tlg2300-poseidon-ko--32_7a--4a349aa-1.c	TIMEOUT	997.867512939	509.883859873	node-20	9727766528	ERROR (1	978.846242529	498.019131899	node-03	7787413504
ldv-commit-tester/m0_true-unreach-call_drivers-media-rc-imon--32_7a--a9e7fb5.c	TIMEOUT	997.925380609	519.101534843	node-16	8546398208	ERROR (1	975.645699383	518.348993063	node-14	10112016384
ldv-commit-tester/m0_true-unreach-call_drivers-net-forcedeth-ko--114_1a--fea891e-1.c	TIMEOUT	997.987043977	510.239658117	node-16	9265246208	ERROR (1	945.975827298	481.501705885	node-25	6465347584
ldv-commit-tester/m0_true-unreach-call_drivers-net-forcedeth-ko--114_1a--fea891e.c	ERROR (1	926.935024367	473.272850037	node-01	7559647232	TIMEOUT	997.887166453	509.281883001	node-02	8474566656
ldv-commit-tester/main3_true-unreach-call_arch-x86-oprofile-oprofile-ko--131_1a--79db8ef-1.c	TIMEOUT	997.869061779	513.683707952	node-05	9570217984	ERROR (1	945.857887361	486.667094946	node-25	8184442880
ldv-commit-tester/main4_true-unreach-call_arch-x86-oprofile-oprofile-ko--131_1a--79db8ef.c	ERROR (1	920.167458237	468.810164928	node-15	7824539648	TIMEOUT	998.050573124	509.326185942	node-22	8763432960
ldv-commit-tester/main7_true-unreach-call_sound-oss-sound-ko--32_7a--c4cb1dd-1.c	TIMEOUT	998.01415181	509.234418869	node-14	8146284544	ERROR (1	969.499999718	498.302222013	node-07	8135168000
ldv-consumption/32_7a_cilled_false-unreach-call_linux-3.8-rc1-32_7a-fs--ecryptfs--ecryptfs.ko-ldv_main1_sequence_infinite_withcheck_stateful.cil.out.c	ERROR (1	968.20018811	498.64448905	node-08	7855575040	TIMEOUT	997.961433199	515.97768116	node-16	10238095360
ldv-consumption/32_7a_cilled_false-unreach-call_linux-3.8-rc1-drivers--media--usb--cpia2--cpia2.ko-main.cil.out.c	TIMEOUT	997.831303839	519.710790157	node-03	9215471616	ERROR (1	925.537537554	483.274646997	node-15	9063333888
ldv-consumption/32_7a_cilled_true-unreach-call_linux-3.8-rc1-32_7a-drivers--block--paride--pg.ko-ldv_main0_sequence_infinite_withcheck_stateful.cil.out.c	TIMEOUT	998.039223736	521.477534056	node-20	10474938368	ERROR (1	975.48279203	503.785624027	node-24	9222385664
ldv-consumption/32_7a_cilled_true-unreach-call_linux-3.8-rc1-32_7a-drivers--net--arcnet--arcnet.ko-ldv_main0_sequence_infinite_withcheck_stateful.cil.out.c	TIMEOUT	997.820805258	594.106388092	node-04	8207601664	ERROR (1	952.127900107	574.06297493	node-07	8538783744
ldv-consumption/32_7a_cilled_true-unreach-call_linux-3.8-rc1-32_7a-drivers--net--ethernet--sfc--sfc.ko-ldv_main3_sequence_infinite_withcheck_stateful.cil.out.c	ERROR (1	929.092909956	481.298181057	node-12	7871975424	TIMEOUT	997.96146796	553.272741079	node-17	9890422784
ldv-consumption/32_7a_cilled_true-unreach-call_linux-3.8-rc1-32_7a-drivers--net--ethernet--tehuti--tehuti.ko-ldv_main0_sequence_infinite_withcheck_stateful.cil.out.c	TIMEOUT	997.997167218	511.182256937	node-24	8840900608	ERROR (1	926.520683341	478.210735083	node-09	9445076992
ldv-consumption/32_7a_cilled_true-unreach-call_linux-3.8-rc1-32_7a-drivers--net--wireless--ipw2x00--ipw2100.ko-ldv_main0_sequence_infinite_withcheck_stateful.cil.out.c	ERROR (1	994.57251133	513.116071939	node-02	8886710272	TIMEOUT	997.897404749	515.177447081	node-07	10141872128
ldv-consumption/32_7a_cilled_true-unreach-call_linux-3.8-rc1-32_7a-drivers--video--smscufx.ko-ldv_main0_sequence_infinite_withcheck_stateful.cil.out.c	TIMEOUT	997.876381628	521.926077127	node-04	9956839424	KILLED BY SIGNAL 9	852.417798066	510.087803841	node-01	6654808064
ldv-consumption/32_7a_cilled_true-unreach-call_linux-3.8-rc1-32_7a-fs--ceph--ceph.ko-ldv_main7_sequence_infinite_withcheck_stateful.cil.out.c	ERROR (1	923.870994812	478.083202124	node-23	8139247616	TIMEOUT	997.864940261	517.211986065	node-05	10202980352
ldv-consumption/32_7a_cilled_true-unreach-call_linux-3.8-rc1-drivers--media--firewire--firedtv.ko-main.cil.out.c	TIMEOUT	904.851302653	539.910786867	node-17	10046603264	ERROR (1	946.48412475	587.500887156	node-13	10030567424
ldv-consumption/32_7a_cilled_true-unreach-call_linux-3.8-rc1-drivers--media--pci--cx18--cx18.ko-main.cil.out.c	ERROR (1	911.062944251	861.021875143	node-20	5050322944	TIMEOUT	997.83185914	834.625379086	node-21	5212512256
ldv-consumption/32_7a_cilled_true-unreach-call_linux-3.8-rc1-drivers--misc--phantom.ko-main.cil.out.c	ERROR (1	936.027224156	552.801234007	node-06	8740126720	TIMEOUT	998.056750649	552.828161955	node-10	7793623040
ldv-consumption/32_7a_cilled_true-unreach-call_linux-3.8-rc1-drivers--net--ethernet--chelsio--cxgb4--cxgb4.ko-main.cil.out.c	TIMEOUT	997.961313309	510.906999826	node-21	8632209408	ERROR (1	971.37229714	496.804687023	node-21	8529862656
ldv-consumption/32_7a_cilled_true-unreach-call_linux-3.8-rc1-drivers--tty--synclink.ko-main.cil.out.c	ERROR (1	913.435870603	600.236218929	node-15	7965523968	TIMEOUT	997.707478041	616.811904907	node-07	7926996992
ldv-consumption/linux-3.8-rc1-32_7a-drivers--hwmon--w83793.ko-ldv_main0_true-unreach-call.cil.out.c	TIMEOUT	997.924699018	538.15542388	node-02	8485347328	ERROR (1	922.8093769	502.210571051	node-03	8756731904
ldv-consumption/linux-3.8-rc1-32_7a-drivers--media--usb--em28xx--em28xx.ko-ldv_main0_true-unreach-call.cil.out.c	ERROR (1	971.06627482	494.145991087	node-10	6668013568	TIMEOUT	997.955012691	511.703419924	node-16	8774795264
ldv-consumption/linux-3.8-rc1-32_7a-drivers--media--usb--sn9c102--sn9c102.ko-ldv_main0_true-unreach-call.cil.out.c	TIMEOUT	997.862566589	513.632108927	node-02	8264085504	ERROR (1	939.125254569	495.226323843	node-11	9993916416
ldv-consumption/linux-3.8-rc1-32_7a-drivers--net--ethernet--emulex--benet--be2net.ko-ldv_main2_true-unreach-call.cil.out.c	TIMEOUT	997.666621587	522.90959692	node-07	8909041664	ERROR (1	956.102219291	513.299913883	node-11	10279120896
ldv-consumption/linux-3.8-rc1-32_7a-drivers--net--ethernet--qlogic--qlge--qlge.ko-ldv_main0_true-unreach-call.cil.out.c	TIMEOUT	997.929087235	510.575154066	node-19	8461766656	ERROR (1	960.452090823	494.590483904	node-02	9103589376
ldv-linux-3.12-rc1/linux-3.12-rc1.tar.xz-144_2a-drivers--isdn--gigaset--usb_gigaset.ko-entry_point_false-unreach-call.cil.out.c	TIMEOUT	997.968450393	514.127189875	node-19	8192651264	ERROR (1	928.971161293	486.479450941	node-02	9601671168
ldv-linux-3.12-rc1/linux-3.12-rc1.tar.xz-144_2a-drivers--media--usb--ttusb-dec--ttusb_dec.ko-entry_point_false-unreach-call.cil.out.c	TIMEOUT	997.85133936	523.914900064	node-25	8159506432	ERROR (1	993.870314162	525.545644045	node-15	9319735296
ldv-linux-3.12-rc1/linux-3.12-rc1.tar.xz-144_2a-drivers--net--can--usb--ems_usb.ko-entry_point_false-unreach-call.cil.out.c	ERROR (1	917.569286359	488.157711983	node-03	10003968000	TIMEOUT	997.9307409	530.551907063	node-04	10005684224
ldv-linux-3.12-rc1/linux-3.12-rc1.tar.xz-144_2a-drivers--net--usb--cdc_mbim.ko-entry_point_true-unreach-call.cil.out.c	TIMEOUT	997.970631423	545.788864851	node-17	10515787776	ERROR (1	916.544280541	504.361912012	node-24	9749643264
ldv-linux-3.12-rc1/linux-3.12-rc1.tar.xz-144_2a-drivers--net--wireless--ti--wlcore--wlcore_spi.ko-entry_point_true-unreach-call.cil.out.c	TIMEOUT	997.883227012	523.610615015	node-11	10552467456	ERROR (1	986.140037844	515.411708832	node-17	8915234816
ldv-linux-3.16-rc1/205_9a_array_unsafes_linux-3.16-rc1.tar.xz-205_9a-drivers--net--can--sja1000--sja1000.ko-entry_point_false-unreach-call.cil.out.c	TIMEOUT	901.379717518	878.56142211	node-09	3903483904	ERROR (1	912.217781878	879.819689035	node-24	4610613248
ldv-linux-3.16-rc1/205_9a_array_unsafes_linux-3.16-rc1.tar.xz-205_9a-drivers--net--phy--dp83640.ko-entry_point_false-unreach-call.cil.out.c	ERROR (1	944.091455282	520.646136999	node-25	9513218048	TIMEOUT	997.889196041	543.793049097	node-09	9545580544
ldv-linux-3.16-rc1/205_9a_array_unsafes_linux-3.16-rc1.tar.xz-205_9a-drivers--net--ppp--ppp_async.ko-entry_point_false-unreach-call.cil.out.c	TIMEOUT	997.916196563	594.664672136	node-22	8331264000	ERROR (1	990.272287611	622.778312922	node-14	7991844864
ldv-linux-3.16-rc1/205_9a_array_unsafes_linux-3.16-rc1.tar.xz-205_9a-drivers--net--ppp--ppp_synctty.ko-entry_point_false-unreach-call.cil.out.c	TIMEOUT	998.057666252	595.117717981	node-13	8346234880	ERROR (1	991.61786383	644.658941031	node-22	7275868160
ldv-linux-3.16-rc1/205_9a_array_unsafes_linux-3.16-rc1.tar.xz-205_9a-drivers--net--wireless--libertas_tf--libertas_tf.ko-entry_point_false-unreach-call.cil.out.c	TIMEOUT	997.872245823	515.970285177	node-25	8917520384	ERROR (1	953.776554497	498.602172852	node-18	9353306112
ldv-linux-3.16-rc1/205_9a_array_unsafes_linux-3.16-rc1.tar.xz-205_9a-drivers--net--wireless--mwifiex--mwifiex_pcie.ko-entry_point_false-unreach-call.cil.out.c	TIMEOUT	997.97293577	513.76685214	node-14	8295337984	ERROR (1	978.205697651	506.055325985	node-15	9386180608
ldv-linux-3.16-rc1/205_9a_array_unsafes_linux-3.16-rc1.tar.xz-205_9a-drivers--net--wireless--mwifiex--mwifiex_sdio.ko-entry_point_false-unreach-call.cil.out.c	ERROR (1	954.53322054	559.331398964	node-21	8418353152	TIMEOUT	997.912934179	582.070999861	node-19	8479993856
ldv-linux-3.16-rc1/205_9a_array_unsafes_linux-3.16-rc1.tar.xz-205_9a-drivers--net--wireless--rtl818x--rtl8180--rtl818x_pci.ko-entry_point_false-unreach-call.cil.out.c	TIMEOUT	997.938531491	518.335469007	node-02	8730402816	ERROR (1	965.617216847	512.400269985	node-11	8798371840
ldv-linux-3.16-rc1/43_2a_bitvector_linux-3.16-rc1.tar.xz-43_2a-drivers--usb--host--max3421-hcd.ko-entry_point_false-unreach-call.cil.out.c	ERROR (1	965.279108755	547.790233135	node-21	8410009600	TIMEOUT	954.798360134	525.442161083	node-01	8200425472
ldv-linux-3.16-rc1/43_2a_consumption_linux-3.16-rc1.tar.xz-43_2a-drivers--block--paride--pg.ko-entry_point_true-unreach-call.cil.out.c	ERROR (1	929.383001115	480.579619884	node-21	8463450112	TIMEOUT	997.932520071	515.918704033	node-10	9526169600
ldv-linux-3.16-rc1/43_2a_consumption_linux-3.16-rc1.tar.xz-43_2a-drivers--gpu--drm--via--via.ko-entry_point_true-unreach-call.cil.out.c	TIMEOUT	997.885062838	509.528284788	node-04	9269702656	KILLED BY SIGNAL 9	882.035691463	511.334791183	node-01	8657309696
ldv-linux-3.16-rc1/43_2a_consumption_linux-3.16-rc1.tar.xz-43_2a-drivers--isdn--hisax--hfc_usb.ko-entry_point_true-unreach-call.cil.out.c	ERROR (1	947.206628253	525.433657169	node-06	10402217984	TIMEOUT	904.002415224	499.65309	node-11	9491939328
ldv-linux-3.16-rc1/43_2a_consumption_linux-3.16-rc1.tar.xz-43_2a-drivers--net--can--usb--kvaser_usb.ko-entry_point_true-unreach-call.cil.out.c	ERROR (1	916.638602152	499.150724888	node-15	8001544192	TIMEOUT	958.091584429	511.146296978	node-01	4416409600
ldv-linux-3.16-rc1/43_2a_consumption_linux-3.16-rc1.tar.xz-43_2a-drivers--net--usb--hso.ko-entry_point_true-unreach-call.cil.out.c	ERROR (1	935.624345374	587.109298944	node-10	7149662208	TIMEOUT	997.836147577	694.249937057	node-13	9127534592
ldv-linux-3.16-rc1/43_2a_consumption_linux-3.16-rc1.tar.xz-43_2a-drivers--scsi--dpt_i2o.ko-entry_point_true-unreach-call.cil.out.c	TIMEOUT	998.023049303	520.101107121	node-11	9997512704	ERROR (1	926.794898893	483.874238968	node-16	9013932032
ldv-linux-3.16-rc1/43_2a_consumption_linux-3.16-rc1.tar.xz-43_2a-drivers--scsi--vmw_pvscsi.ko-entry_point_true-unreach-call.cil.out.c	ERROR (1	926.571012081	588.498446941	node-14	9661325312	TIMEOUT	998.02378786	627.272437811	node-17	9698455552
ldv-linux-3.16-rc1/43_2a_consumption_linux-3.16-rc1.tar.xz-43_2a-drivers--staging--rtl8723au--r8723au.ko-entry_point_true-unreach-call.cil.out.c	TIMEOUT	901.406567044	602.445543051	node-17	8479461376	ERROR (1	914.339295914	572.758491039	node-25	8112537600
ldv-linux-3.16-rc1/43_2a_consumption_linux-3.16-rc1.tar.xz-43_2a-drivers--usb--serial--sierra.ko-entry_point_true-unreach-call.cil.out.c	ERROR (1	948.806766196	495.948668003	node-15	8384901120	TIMEOUT	997.857964889	517.168178082	node-11	8094494720
ldv-linux-3.16-rc1/43_2a_consumption_linux-3.16-rc1.tar.xz-43_2a-kernel--locking--locktorture.ko-entry_point_true-unreach-call.cil.out.c	ERROR (1	952.319804376	530.147217989	node-18	8692420608	TIMEOUT	998.045828609	548.079368114	node-23	9874542592
ldv-linux-3.16-rc1/43_2a_consumption_linux-3.16-rc1.tar.xz-43_2a-net--batman-adv--batman-adv.ko-entry_point_true-unreach-call.cil.out.c	KILLED BY SIGNAL 9	887.848359848	515.726971149	node-01	7570452480	TIMEOUT	997.80698702	513.584017038	node-02	8382951424
ldv-linux-3.16-rc1/43_2a_consumption_linux-3.16-rc1.tar.xz-43_2a-sound--drivers--snd-dummy.ko-entry_point_true-unreach-call.cil.out.c	TIMEOUT	997.961895275	512.93927002	node-15	8238612480	ERROR (1	996.093202392	518.979271173	node-24	9683791872
ldv-validator-v0.6/linux-stable-a9e7fb5-1-32_7a-drivers--media--rc--imon.ko-entry_point_false-unreach-call.cil.out.c	TIMEOUT	997.949285976	549.885434866	node-25	8020733952	ERROR (1	951.92372317	568.75109005	node-11	8138559488
ldv-validator-v0.6/linux-stable-c0cc359-1-104_1a-drivers--usb--serial--qcserial.ko-entry_point_false-unreach-call.cil.out.c	TIMEOUT	998.231069585	724.421432972	node-21	7395422208	ERROR (1	912.776471215	651.412284136	node-20	6833197056
ldv-validator-v0.6/linux-stable-c0cc359-104_1a-drivers--usb--serial--qcserial.ko-entry_point_false-unreach-call.cil.out.c	ERROR (1	930.475535291	704.062101841	node-07	7992012800	TIMEOUT	998.14413602	723.257009983	node-14	8060309504
ldv-validator-v0.6/linux-torvalds-645ef9e-32_7a-sound--oss--sound.ko-entry_point_false-unreach-call.cil.out.c	ERROR (1	927.247391513	480.621916056	node-03	8321671168	TIMEOUT	997.939603152	513.931845903	node-02	8200982528
floats-cdfpl/newton_2_6_false-unreach-call.i	false(reach)	3.060749594	2.25565505028	node-20	164188160	TIMEOUT	901.101237985	899.028981924	node-18	585068544
floats-cdfpl/newton_2_7_false-unreach-call.i	false(reach)	3.152974038	2.30669784546	node-21	164823040	TIMEOUT	901.071135705	899.123374939	node-09	547446784
floats-cdfpl/newton_3_6_false-unreach-call.i	false(reach)	6.095395158	3.98284196854	node-13	310841344	TIMEOUT	901.46987106	898.693961859	node-01	1047687168
floats-cdfpl/newton_3_8_false-unreach-call.i	false(reach)	6.402692126	3.8911550045	node-19	314322944	TIMEOUT	904.318799426	900.644428015	node-03	960348160
floats-cdfpl/newton_1_1_true-unreach-call.i	false(reach)	3.109261123	2.33614397049	node-06	160694272	TIMEOUT	900.874107581	899.045141935	node-24	398503936
floats-cdfpl/newton_1_2_true-unreach-call.i	false(reach)	2.919056775	2.06087303162	node-23	162328576	TIMEOUT	900.923429128	899.123755932	node-22	461070336
floats-cdfpl/newton_1_3_true-unreach-call.i	false(reach)	3.010271067	7.21360301971	node-08	158978048	TIMEOUT	900.959715714	898.84689784	node-12	381779968
floats-cdfpl/newton_2_1_true-unreach-call.i	false(reach)	3.181778243	2.33311581612	node-13	166227968	TIMEOUT	901.154367562	899.444877863	node-08	591527936
floats-cdfpl/newton_2_2_true-unreach-call.i	false(reach)	3.259233714	2.48122310638	node-14	163901440	TIMEOUT	901.318133474	899.038576126	node-09	531017728
floats-cdfpl/newton_2_3_true-unreach-call.i	false(reach)	3.162669242	2.23988294601	node-25	168140800	TIMEOUT	901.496195084	897.831213951	node-06	704495616
floats-cdfpl/newton_2_4_true-unreach-call.i	false(reach)	3.579344383	2.47373700142	node-03	166387712	TIMEOUT	901.07356604	898.877403975	node-05	477052928
floats-cdfpl/newton_2_5_true-unreach-call.i	false(reach)	3.315113457	2.34600710869	node-20	167624704	TIMEOUT	901.091172513	899.076254845	node-03	524292096
floats-cdfpl/newton_3_1_true-unreach-call.i	false(reach)	6.621323549	4.23434901237	node-01	316403712	TIMEOUT	901.431367498	898.602602005	node-13	1087578112
floats-cdfpl/newton_3_2_true-unreach-call.i	false(reach)	6.678839027	4.1099729538	node-06	312823808	TIMEOUT	904.61818067	900.740875959	node-24	914923520
floats-cdfpl/newton_3_3_true-unreach-call.i	false(reach)	6.632930337	4.05023884773	node-15	306028544	TIMEOUT	901.313072749	898.365144014	node-05	1125982208
floats-cdfpl/newton_3_4_true-unreach-call.i	false(reach)	6.236404285	3.80511903763	node-16	304058368	TIMEOUT	904.464750439	900.971334934	node-04	1006845952
floats-cdfpl/newton_3_5_true-unreach-call.i	false(reach)	6.413998766	3.92762684822	node-24	308142080	TIMEOUT	901.384054935	897.771976948	node-21	1038299136
floats-cdfpl/sine_4_true-unreach-call.i	false(reach)	2.938733063	2.11944103241	node-13	161480704	TIMEOUT	900.840708872	898.768254042	node-02	425086976
floats-cdfpl/sine_5_true-unreach-call.i	false(reach)	3.021810134	2.24024200439	node-17	163852288	TIMEOUT	900.800352427	898.659194946	node-22	313786368
floats-cdfpl/sine_6_true-unreach-call.i	false(reach)	2.925020528	2.06284093857	node-24	156803072	TIMEOUT	900.719576264	899.1119349	node-02	375963648
floats-cdfpl/sine_7_true-unreach-call.i	false(reach)	2.83508971	2.09559702873	node-21	155590656	TIMEOUT	900.722839718	899.243626833	node-05	414973952
floats-cdfpl/sine_8_true-unreach-call.i	false(reach)	3.004090143	2.12475013733	node-03	158982144	true	668.716121564	667.543985844	node-22	331812864
floats-cdfpl/square_4_true-unreach-call.i	false(reach)	3.235108857	2.34906077385	node-06	163385344	TIMEOUT	900.807401191	899.337928057	node-20	418795520
floats-cdfpl/square_5_true-unreach-call.i	false(reach)	2.926614042	2.06784200668	node-24	159731712	TIMEOUT	901.123371027	897.683802128	node-06	433057792
floats-cdfpl/square_6_true-unreach-call.i	false(reach)	2.887634947	2.03582000732	node-05	158670848	true	708.305292087	706.555183887	node-07	367476736
floats-cdfpl/square_7_true-unreach-call.i	false(reach)	3.233012835	2.13721489906	node-03	159899648	true	403.020414214	401.656615973	node-20	328040448
floats-cdfpl/square_8_true-unreach-call.i	false(reach)	3.050423329	2.02460193634	node-20	167264256	true	72.896327628	71.8862729073	node-10	267788288
floats-cbmc-regression/float-no-simp2_true-unreach-call.i	true	3.262830645	2.35416579247	node-01	154079232	false(reach)	4.977038259	4.0679769516	node-08	169603072
floats-cbmc-regression/float12_true-unreach-call.i	false(reach)	2.851116636	1.96180605888	node-18	147120128	true	2.954821724	2.05399394035	node-07	155217920
floats-cbmc-regression/float19_true-unreach-call.i	false(reach)	3.023540262	2.17706298828	node-23	156397568	true	3.30360063	2.28177404404	node-03	162131968
floats-cbmc-regression/float20_true-unreach-call.i	false(reach)	3.003844332	2.36349701881	node-24	153100288	true	3.254405884	2.18628716469	node-02	157769728
floats-cbmc-regression/float4_true-unreach-call.i	true	3.442182412	2.40096902847	node-19	155570176	false(reach)	14.80006185	13.7538971901	node-04	192950272
float-benchs/nan_double_false-unreach-call.c	true	2.965315101	7.12639594078	node-24	149295104	false(reach)	3.112029607	2.03445506096	node-05	155353088
float-benchs/nan_float_false-unreach-call.c	true	2.698416853	1.862003088	node-20	152875008	false(reach)	2.959675171	2.07089114189	node-05	156602368
float-benchs/inv_square_int_true-unreach-call.c	false(reach)	3.112083209	2.20632410049	node-16	152608768	true	3.114385819	2.20418691635	node-14	162406400
float-benchs/inv_square_true-unreach-call.c	false(reach)	2.965233416	2.0988740921	node-12	152436736	true	3.378951492	2.52264904976	node-22	166461440
float-benchs/sin_interpolated_bigrange_tight_true-unreach-call.c	false(reach)	3.862931375	2.77172017097	node-01	170635264	TIMEOUT	900.862869811	899.209979057	node-17	408215552
loops/invert_string_false-unreach-call.i	false(reach)	2.927045403	2.00448107719	node-07	150581248	TIMEOUT	902.446458454	894.799180031	node-08	3559333888
loops/bubble_sort_true-unreach-call.i	ERROR (1	915.007497326	547.06540513	node-05	8162865152	TIMEOUT	906.56104649	520.097656012	node-08	8115134464
loops/count_up_down_true-unreach-call_true-termination.i	false(reach)	2.843587846	1.96290493011	node-14	149995520	ERROR (1	911.00235874	905.12934804	node-25	3549650944
loops/terminator_03_true-unreach-call_true-termination.i	ERROR (1	910.728166639	901.321570873	node-03	3544817664	TIMEOUT	900.640436387	892.629036903	node-11	3547414528
loops/trex02_true-unreach-call_true-termination.i	TIMEOUT	903.875018482	894.769554138	node-16	3544014848	ERROR (1	911.004134113	905.0458951	node-19	3549396992
loops/trex03_true-unreach-call.i	false(reach)	3.252818325	2.32514691353	node-01	155054080	TIMEOUT	901.223140609	887.481079102	node-07	3650809856
loops/trex04_true-unreach-call_false-termination.i	ERROR (1	910.598704117	904.757267952	node-14	3538296832	TIMEOUT	902.400487088	895.966897011	node-11	3550384128
loops/veris.c_sendmail__tTflag_arr_one_loop_true-unreach-call.i	ERROR (1	916.38118003	577.416826963	node-22	7366246400	TIMEOUT	997.867156033	623.192101002	node-02	7704596480
loop-acceleration/diamond_true-unreach-call1.i	false(reach)	4.868947346	3.51964211464	node-24	172814336	true	4.907398385	3.43095183372	node-11	168632320
loop-acceleration/diamond_true-unreach-call2.i	false(reach)	3.255195324	2.21993994713	node-19	156979200	true	3.414511538	2.43923401833	node-13	156983296
loop-acceleration/phases_true-unreach-call2.i	false(reach)	3.281695683	2.34045505524	node-19	154628096	true	2.891538222	2.06409811974	node-25	154214400
loop-acceleration/simple_true-unreach-call3.i	TIMEOUT	901.625525235	894.715662003	node-20	3546947584	ERROR (1	910.798052215	904.508975029	node-04	3542302720
loop-invgen/half_2_true-unreach-call.i	false(reach)	2.981392228	2.06593394279	node-13	148832256	TIMEOUT	901.261297441	890.87529707	node-14	3779239936
loop-invgen/heapsort_true-unreach-call.i	false(reach)	3.143822034	2.31652903557	node-21	154951680	TIMEOUT	901.178413461	886.229710817	node-13	3676803072
product-lines/elevator_spec13_product22_true-unreach-call.cil.c	TIMEOUT	906.899584121	858.718547821	node-22	3989213184	ERROR (1	911.612352316	860.474700928	node-18	4198133760
product-lines/elevator_spec13_product32_true-unreach-call.cil.c	TIMEOUT	902.132065468	846.468594074	node-07	4106125312	ERROR (1	911.311047446	860.198598862	node-19	4153892864
product-lines/email_spec27_product34_false-unreach-call.cil.c	KILLED BY SIGNAL 9	848.842041256	510.786110163	node-01	8600432640	TIMEOUT	997.899110344	508.995530844	node-01	8654626816
product-lines/email_spec3_product17_false-unreach-call.cil.c	TIMEOUT	997.87190597	509.596288919	node-22	8683016192	KILLED BY SIGNAL 9	861.203551062	523.578404188	node-01	7859916800
product-lines/email_spec9_product21_false-unreach-call.cil.c	TIMEOUT	998.001000014	509.011814117	node-23	8599826432	KILLED BY SIGNAL 9	882.07067264	513.900212049	node-01	7097311232
product-lines/minepump_spec5_productSimulator_true-unreach-call.cil.c	ERROR (1	995.973245081	513.729397058	node-01	9172582400	TIMEOUT	997.749002296	511.331660032	node-18	7528030208
systemc/token_ring.04_false-unreach-call_false-termination.cil.c	TIMEOUT	997.80865289	509.243518114	node-23	8379318272	ERROR (1	925.396661604	475.194207907	node-08	9572896768
systemc/token_ring.09_false-unreach-call_false-termination.cil.c	TIMEOUT	997.976278341	519.733309984	node-18	8082726912	ERROR (1	941.780680669	497.89625597	node-16	9562423296
systemc/token_ring.11_false-unreach-call_false-termination.cil.c	ERROR (1	922.505942015	620.465478897	node-07	8450453504	TIMEOUT	998.09452644	663.014575958	node-20	7866683392
systemc/token_ring.06_true-unreach-call_false-termination.cil.c	TIMEOUT	997.85634043	512.700371027	node-25	10491887616	ERROR (1	954.979108639	490.94136405	node-23	9236393984
seq-mthreaded/pals_STARTPALS_ActiveStandby_false-unreach-call.4_2.ufo.UNBOUNDED.pals.c	TIMEOUT	998.12560337	525.129062891	node-23	9028911104	ERROR (1	927.229455416	489.120754004	node-19	8274825216
seq-mthreaded/pals_floodmax.3_false-unreach-call.4.ufo.BOUNDED-6.pals.c	ERROR (1	922.149153758	470.332376957	node-02	8449130496	TIMEOUT	997.934851068	510.079823971	node-25	9340522496
seq-mthreaded/pals_floodmax.3_false-unreach-call.4.ufo.UNBOUNDED.pals.c	KILLED BY SIGNAL 9	840.715246812	508.039661884	node-01	5226479616	ERROR (1	934.36001649	475.282794952	node-10	7599378432
seq-mthreaded/pals_floodmax.5_false-unreach-call.4.ufo.BOUNDED-10.pals.c	TIMEOUT	997.866238711	508.44342494	node-17	9489653760	ERROR (1	919.231225872	467.11600399	node-04	6466973696
seq-mthreaded/pals_lcr-var-start-time.4_false-unreach-call.1.ufo.UNBOUNDED.pals.c	ERROR (1	931.599102274	547.041301966	node-11	7526346752	TIMEOUT	999.165390384	572.595205069	node-06	7253983232
seq-mthreaded/pals_lcr-var-start-time.6_false-unreach-call.1.ufo.BOUNDED-12.pals.c	ERROR (1	950.012485585	483.565279007	node-20	6878441472	TIMEOUT	997.767144661	509.737138033	node-02	9700192256
seq-mthreaded/pals_lcr.3_false-unreach-call.1.ufo.UNBOUNDED.pals.c	TIMEOUT	998.017881003	526.151265144	node-14	8375496704	ERROR (1	921.722296361	491.443358183	node-06	8589103104
seq-mthreaded/pals_lcr.5_false-unreach-call.1.ufo.UNBOUNDED.pals.c	ERROR (1	932.286796065	514.548860073	node-25	8567234560	TIMEOUT	997.887123553	581.325070858	node-11	9538985984
seq-mthreaded/pals_opt-floodmax.3_false-unreach-call.2.ufo.UNBOUNDED.pals.c	TIMEOUT	997.782075532	508.513370037	node-10	8507727872	ERROR (1	996.744315794	510.978399038	node-11	9746329600
seq-mthreaded/pals_opt-floodmax.5_false-unreach-call.4.ufo.UNBOUNDED.pals.c	TIMEOUT	998.031686002	508.329477072	node-23	8948895744	ERROR (1	928.136838001	472.636602879	node-20	8071475200
seq-mthreaded/rekcba_aso_false-unreach-call.1.M1.c	TIMEOUT	999.578876843	563.187942028	node-06	8532418560	ERROR (1	969.080468125	546.32585907	node-14	8554708992
seq-mthreaded/rekcba_aso_false-unreach-call.2.M1.c	ERROR (1	935.185218657	526.047480822	node-04	8782336000	TIMEOUT	998.112189972	566.112091064	node-09	9747763200
seq-mthreaded/rekcba_aso_false-unreach-call.3.M1.c	TIMEOUT	998.088359326	555.044817924	node-14	8647634944	ERROR (1	961.281777693	541.631314993	node-25	8257617920
seq-mthreaded/rekcba_aso_false-unreach-call.4.M1.c	ERROR (1	988.382246513	552.742215157	node-16	8335560704	TIMEOUT	911.446538681	517.604890108	node-20	8455401472
seq-mthreaded/rekcba_nxt_false-unreach-call.1.M4.c	ERROR (1	925.477431042	471.581627131	node-09	8111116288	TIMEOUT	997.969713631	509.342621088	node-03	8977145856
seq-mthreaded/pals_floodmax.3_true-unreach-call.ufo.UNBOUNDED.pals.c	TIMEOUT	998.067119679	508.740880966	node-15	9271398400	ERROR (1	988.218467141	502.463351011	node-23	7642038272
seq-mthreaded/pals_lcr-var-start-time.3_true-unreach-call.ufo.UNBOUNDED.pals.c	ERROR (1	912.123480646	483.697021961	node-16	8618442752	TIMEOUT	997.759539199	523.359217882	node-13	8249663488
seq-mthreaded/pals_lcr-var-start-time.4_true-unreach-call.ufo.BOUNDED-8.pals.c	ERROR (1	917.895573999	536.300549984	node-11	8143454208	TIMEOUT	997.923584502	571.017067909	node-17	7696965632
seq-mthreaded/pals_lcr.3_true-unreach-call.ufo.BOUNDED-6.pals.c	ERROR (1	988.108787472	540.205141783	node-17	9403318272	TIMEOUT	997.832938384	538.099533081	node-07	9082400768
seq-mthreaded/pals_lcr.4_true-unreach-call.ufo.BOUNDED-8.pals.c	TIMEOUT	997.987330123	527.806838989	node-24	7835844608	ERROR (1	938.481533015	500.636518002	node-05	9131229184
seq-mthreaded/pals_lcr.4_true-unreach-call.ufo.UNBOUNDED.pals.c	TIMEOUT	997.69726327	532.721881151	node-02	10163326976	ERROR (1	932.914511245	498.627877951	node-19	8659259392
seq-mthreaded/pals_lcr.5_true-unreach-call.ufo.UNBOUNDED.pals.c	ERROR (1	977.453647873	512.787981987	node-06	8586854400	TIMEOUT	997.894648453	544.372573137	node-05	8610648064
seq-mthreaded/pals_opt-floodmax.5_true-unreach-call.ufo.UNBOUNDED.pals.c	TIMEOUT	997.985780083	508.311161041	node-20	8854208512	ERROR (1	943.180960293	479.708702803	node-06	7994683392
seq-mthreaded/rekcba_nxt_true-unreach-call.3.M1.c	ERROR (1	919.899304899	516.446338892	node-10	9007587328	TIMEOUT	998.064282994	552.609131813	node-16	8538701824
seq-mthreaded/rekh_nxt_true-unreach-call.1.M1.c	ERROR (1	959.771885582	497.839491844	node-24	9385394176	TIMEOUT	997.9675585	510.480257988	node-22	7916789760
seq-pthread/cs_fib_false-unreach-call.i	TIMEOUT	997.855958973	510.937320948	node-13	9434353664	ERROR (1	949.677146556	489.913301945	node-06	9352142848
seq-pthread/cs_fib_longer_false-unreach-call.i	TIMEOUT	997.911440103	511.391382933	node-16	9385938944	KILLED BY SIGNAL 9	814.564236755	519.530982018	node-01	7041613824
seq-pthread/cs_stateful_false-unreach-call.i	TIMEOUT	901.04350352	798.562306881	node-24	4695506944	ERROR (1	911.169174633	803.478970051	node-13	4855713792
seq-pthread/cs_fib_true-unreach-call.i	ERROR (1	946.098999655	482.418519974	node-23	6559367168	TIMEOUT	998.018000124	519.550112009	node-09	9996206080
seq-pthread/cs_queue_true-unreach-call.i	TIMEOUT	997.844422351	512.367554903	node-05	9282359296	ERROR (1	990.884115563	505.109584093	node-17	6651764736
ntdrivers/floppy_false-unreach-call.i.cil.c	ERROR (1	982.577120349	515.225317001	node-15	8818905088	TIMEOUT	997.880863702	527.902304173	node-18	10257952768
ntdrivers/parport_false-unreach-call.i.cil.c	ERROR (1	927.787289873	479.750182867	node-07	8678948864	TIMEOUT	997.921029472	514.802416801	node-13	9786597376
ntdrivers/floppy2_true-unreach-call.i.cil.c	KILLED BY SIGNAL 9	869.742322207	523.354305029	node-01	8328892416	TIMEOUT	997.978316128	514.769751072	node-12	9215344640
ntdrivers/floppy_true-unreach-call.i.cil.c	ERROR (1	956.290471096	502.284744978	node-15	8813682688	TIMEOUT	997.973406205	525.879658937	node-24	10063396864
ssh/s3_srvr.blast.01_false-unreach-call.i.cil.c	TIMEOUT	997.776709856	511.453104019	node-03	9616957440	ERROR (1	917.70553405	471.945590973	node-23	8668196864
